[
{
  "model": "assessment.customuser",
  "pk": 2,
  "fields": {
    "password": "pbkdf2_sha256$1200000$H67f0tD5ge8KdUHrtXUHgW$nRnwOE0ZOWcKvt7jlwJDkr2gPVg69RJovx46cwTbX1U=",
    "last_login": null,
    "is_superuser": false,
    "username": "student1",
    "first_name": "Arjun",
    "last_name": "Sharma",
    "email": "",
    "is_staff": false,
    "is_active": true,
    "date_joined": "2026-02-22T12:30:00.515Z",
    "role": "student",
    "department": 1,
    "student_profile": null,
    "groups": [],
    "user_permissions": []
  }
},
{
  "model": "assessment.customuser",
  "pk": 3,
  "fields": {
    "password": "pbkdf2_sha256$1000000$pZsEyNXw5uvBEWMhd9RPHP$RQ7b1skjnqI9b/iJYIj+f5izS2SNGXLSPRwDNdYnoxc=",
    "last_login": null,
    "is_superuser": false,
    "username": "student2",
    "first_name": "Priya",
    "last_name": "Venkat",
    "email": "",
    "is_staff": false,
    "is_active": true,
    "date_joined": "2026-02-22T12:30:01.684Z",
    "role": "student",
    "department": 1,
    "student_profile": null,
    "groups": [],
    "user_permissions": []
  }
},
{
  "model": "assessment.customuser",
  "pk": 4,
  "fields": {
    "password": "pbkdf2_sha256$1000000$KU4h38Ysd9YWqsRjs56ERy$eUNNNntYzlUcpolj13qtuQxyvVLzPg5Ni48KEZGiN/E=",
    "last_login": null,
    "is_superuser": false,
    "username": "student3",
    "first_name": "Rahul",
    "last_name": "Krishnan",
    "email": "",
    "is_staff": false,
    "is_active": true,
    "date_joined": "2026-02-22T12:30:02.841Z",
    "role": "student",
    "department": 1,
    "student_profile": null,
    "groups": [],
    "user_permissions": []
  }
},
{
  "model": "assessment.customuser",
  "pk": 5,
  "fields": {
    "password": "pbkdf2_sha256$1200000$zVxd7gos7G9rf5d5pxUFBF$OAC7JzDqROrcyFad/yxY9SrHMpYq11+IL3iTBWIc/5M=",
    "last_login": null,
    "is_superuser": true,
    "username": "admin",
    "first_name": "Super",
    "last_name": "",
    "email": "admin@exam.com",
    "is_staff": true,
    "is_active": true,
    "date_joined": "2026-02-28T09:24:31.627Z",
    "role": "admin",
    "department": null,
    "student_profile": null,
    "groups": [],
    "user_permissions": []
  }
},
{
  "model": "assessment.customuser",
  "pk": 73,
  "fields": {
    "password": "pbkdf2_sha256$1200000$sMaDZXjDuJJgZZ76Y7q8Xd$hpa6nFxqtzyOU/uF6FEuLNd3KG/2I/a5RELRivXhdic=",
    "last_login": null,
    "is_superuser": false,
    "username": "abinaya",
    "first_name": "Ms.K.Abinaya",
    "last_name": "AP/CSE",
    "email": "",
    "is_staff": false,
    "is_active": true,
    "date_joined": "2026-03-11T06:36:52.947Z",
    "role": "teacher",
    "department": null,
    "student_profile": null,
    "groups": [],
    "user_permissions": []
  }
},
{
  "model": "assessment.customuser",
  "pk": 74,
  "fields": {
    "password": "pbkdf2_sha256$1200000$s0JXeiqW5cpWRbz14quTqZ$wusIMskt0eLyAivO/9z81Ue1eWwMGf6gTstpRuhV070=",
    "last_login": null,
    "is_superuser": false,
    "username": "malarvizhi",
    "first_name": "M. Malarvizhi, AP/CSE",
    "last_name": "",
    "email": "",
    "is_staff": false,
    "is_active": true,
    "date_joined": "2026-03-11T06:44:37.282Z",
    "role": "teacher",
    "department": null,
    "student_profile": null,
    "groups": [],
    "user_permissions": []
  }
},
{
  "model": "assessment.customuser",
  "pk": 75,
  "fields": {
    "password": "pbkdf2_sha256$1200000$J2GaDLfGcvy6im6q4m9N6l$mjJfBjwe0c/2P0J/kgqAvenbHP3jj5vNN1+Tf5o03sE=",
    "last_login": null,
    "is_superuser": false,
    "username": "illakkiyavani",
    "first_name": "Ms. R. Illakkiyavani, AP/CSE",
    "last_name": "",
    "email": "",
    "is_staff": false,
    "is_active": true,
    "date_joined": "2026-03-11T06:45:31.130Z",
    "role": "teacher",
    "department": null,
    "student_profile": null,
    "groups": [],
    "user_permissions": []
  }
},
{
  "model": "assessment.customuser",
  "pk": 76,
  "fields": {
    "password": "pbkdf2_sha256$1200000$jc0D7PfiCBqCkBcHnb1SzH$RjBMs0XoFGLRVC44xqtBKSlpB1Ey/kgxO/nEtk/3zAI=",
    "last_login": null,
    "is_superuser": false,
    "username": "dhanasekar",
    "first_name": "Mr. S. Dhanasekar, AP/CSE",
    "last_name": "",
    "email": "",
    "is_staff": false,
    "is_active": true,
    "date_joined": "2026-03-11T06:46:07.582Z",
    "role": "teacher",
    "department": null,
    "student_profile": null,
    "groups": [],
    "user_permissions": []
  }
},
{
  "model": "assessment.customuser",
  "pk": 77,
  "fields": {
    "password": "pbkdf2_sha256$1200000$v0zbQszoDC6CJhm7s8ZTqu$89DMOYsD+SbFMyjtduY3xdJt7jyAJoObCioE2fcZFIY=",
    "last_login": null,
    "is_superuser": false,
    "username": "gowtham",
    "first_name": "Mr. S. Gowtham, AP/CSE",
    "last_name": "",
    "email": "",
    "is_staff": false,
    "is_active": true,
    "date_joined": "2026-03-11T06:46:43.010Z",
    "role": "teacher",
    "department": null,
    "student_profile": null,
    "groups": [],
    "user_permissions": []
  }
},
{
  "model": "assessment.customuser",
  "pk": 78,
  "fields": {
    "password": "pbkdf2_sha256$1200000$44PWECdGZmgkIHqhZgqp1n$fVaB7o9TTpMsB6EjpE7N7wZmrpSGLP9QQ/zHxF/48cI=",
    "last_login": null,
    "is_superuser": false,
    "username": "ragumuniraja",
    "first_name": "Mr. V. Ragumuniraja, AP/CSE",
    "last_name": "",
    "email": "",
    "is_staff": false,
    "is_active": true,
    "date_joined": "2026-03-11T06:47:13.363Z",
    "role": "teacher",
    "department": null,
    "student_profile": null,
    "groups": [],
    "user_permissions": []
  }
},
{
  "model": "assessment.customuser",
  "pk": 79,
  "fields": {
    "password": "pbkdf2_sha256$1200000$MAqpYclXW9asotLrEoERG4$ykgay+aK3e+Tzafthh0kys3krBs1yJ2DxiZPEb79P4w=",
    "last_login": null,
    "is_superuser": false,
    "username": "vijaya",
    "first_name": "Ms. P. Vijaya, AP/CSE(s",
    "last_name": "",
    "email": "",
    "is_staff": false,
    "is_active": true,
    "date_joined": "2026-03-11T06:47:54.392Z",
    "role": "teacher",
    "department": null,
    "student_profile": null,
    "groups": [],
    "user_permissions": []
  }
},
{
  "model": "assessment.customuser",
  "pk": 80,
  "fields": {
    "password": "pbkdf2_sha256$1200000$sjWR7FObAlctX1u85C3rau$0vm/lbyizWFzedk4xoPUXeuA+OKXj8Bb801XroTvr4E=",
    "last_login": null,
    "is_superuser": false,
    "username": "jeeva",
    "first_name": "Ms. B. Jeeva, AP/CSE(s)",
    "last_name": "",
    "email": "",
    "is_staff": false,
    "is_active": true,
    "date_joined": "2026-03-11T06:48:35.855Z",
    "role": "teacher",
    "department": null,
    "student_profile": null,
    "groups": [],
    "user_permissions": []
  }
},
{
  "model": "assessment.customuser",
  "pk": 81,
  "fields": {
    "password": "pbkdf2_sha256$1200000$Qec8HStYlMLLcRlZwjlt7z$zCYgz9kbo+HkivXCnS8+Gj0WPaAdNRmbunQj4MqloeQ=",
    "last_login": null,
    "is_superuser": false,
    "username": "rajarajan",
    "first_name": "Mr. Rajarajan, Librarian",
    "last_name": "",
    "email": "",
    "is_staff": false,
    "is_active": true,
    "date_joined": "2026-03-11T06:49:10.881Z",
    "role": "teacher",
    "department": null,
    "student_profile": null,
    "groups": [],
    "user_permissions": []
  }
},
{
  "model": "assessment.customuser",
  "pk": 82,
  "fields": {
    "password": "pbkdf2_sha256$1200000$OzwoVVbjBiMz04sQAxipid$TY23VmAB7bB4bfQ0SakSmSmSJ6TintlWdAr1SVA2qqI=",
    "last_login": null,
    "is_superuser": false,
    "username": "tamilselvan",
    "first_name": "Mr. S. Tamilselvan",
    "last_name": "",
    "email": "",
    "is_staff": false,
    "is_active": true,
    "date_joined": "2026-03-11T06:49:39.047Z",
    "role": "teacher",
    "department": null,
    "student_profile": null,
    "groups": [],
    "user_permissions": []
  }
},
{
  "model": "assessment.customuser",
  "pk": 83,
  "fields": {
    "password": "pbkdf2_sha256$1200000$3P3QKCll4VtzDTZRodLIGV$izhEXJh/IzBPjExFjwRBkiKD+IloLQBLy38+y7uLAcQ=",
    "last_login": null,
    "is_superuser": false,
    "username": "uma",
    "first_name": "Ms. J. Uma, AP/CSE",
    "last_name": "",
    "email": "",
    "is_staff": false,
    "is_active": true,
    "date_joined": "2026-03-11T06:50:05.152Z",
    "role": "teacher",
    "department": null,
    "student_profile": null,
    "groups": [],
    "user_permissions": []
  }
},
{
  "model": "assessment.customuser",
  "pk": 84,
  "fields": {
    "password": "pbkdf2_sha256$1200000$2Oi6kDVZhYOfEvfKjc4Clp$ynsgSQjFNbDXMXoectTn++50uY/vxD8RTbcLQZFBC2A=",
    "last_login": null,
    "is_superuser": false,
    "username": "pradeepa",
    "first_name": "Ms. G. Bhagavathi Pradeepa, Lect",
    "last_name": "",
    "email": "",
    "is_staff": false,
    "is_active": true,
    "date_joined": "2026-03-11T15:27:02.511Z",
    "role": "teacher",
    "department": null,
    "student_profile": null,
    "groups": [],
    "user_permissions": []
  }
},
{
  "model": "assessment.customuser",
  "pk": 89,
  "fields": {
    "password": "pbkdf2_sha256$1200000$rq3vgP2ULWcr1Ohh8q0ui0$9C20lgz3Fr5dG8EEW/LT2NJ8gjDdF6lhBf3WMj911KA=",
    "last_login": null,
    "is_superuser": false,
    "username": "711224104048",
    "first_name": "NISHANTH PRIYAN P",
    "last_name": "",
    "email": "",
    "is_staff": false,
    "is_active": true,
    "date_joined": "2026-03-12T05:13:06.441Z",
    "role": "student",
    "department": 1,
    "student_profile": 209,
    "groups": [],
    "user_permissions": []
  }
},
{
  "model": "assessment.customuser",
  "pk": 90,
  "fields": {
    "password": "pbkdf2_sha256$1200000$NWvjXRMLEyNZGoSpyT3lxZ$kEOpTNdSGhO7zGmzCkVF0dzPEQepU4Kn23Q775XkO68=",
    "last_login": null,
    "is_superuser": false,
    "username": "711224104049",
    "first_name": "PALANI M",
    "last_name": "",
    "email": "",
    "is_staff": false,
    "is_active": true,
    "date_joined": "2026-03-12T05:13:07.382Z",
    "role": "student",
    "department": 1,
    "student_profile": 210,
    "groups": [],
    "user_permissions": []
  }
},
{
  "model": "assessment.customuser",
  "pk": 91,
  "fields": {
    "password": "pbkdf2_sha256$1200000$jL5EUtKAt69LlPoVUfsy66$MdN9z4/vgf4GWcaEEyG8moKhWeUBpgNrRJd5OhAzdIw=",
    "last_login": null,
    "is_superuser": false,
    "username": "711224104050",
    "first_name": "PAVITHRA S",
    "last_name": "",
    "email": "",
    "is_staff": false,
    "is_active": true,
    "date_joined": "2026-03-12T05:13:08.372Z",
    "role": "student",
    "department": 1,
    "student_profile": 211,
    "groups": [],
    "user_permissions": []
  }
},
{
  "model": "assessment.customuser",
  "pk": 92,
  "fields": {
    "password": "pbkdf2_sha256$1200000$3p8r0BTPqZr5I5gHiZuFqX$qB/jxdyonLIKS7HVK4adIWecvM/DKTQe2yo7niRm+Yw=",
    "last_login": null,
    "is_superuser": false,
    "username": "711224104051",
    "first_name": "PHUVAN C",
    "last_name": "",
    "email": "",
    "is_staff": false,
    "is_active": true,
    "date_joined": "2026-03-12T05:13:09.293Z",
    "role": "student",
    "department": 1,
    "student_profile": 212,
    "groups": [],
    "user_permissions": []
  }
},
{
  "model": "assessment.customuser",
  "pk": 93,
  "fields": {
    "password": "pbkdf2_sha256$1200000$xtaDB0Tx4MxIlPYYZDE50b$gvkA2BwRFORTJWE0trKbhwXtYMYQPq/MB8XOifqLR10=",
    "last_login": null,
    "is_superuser": false,
    "username": "711224104052",
    "first_name": "PON ILAKIYA M",
    "last_name": "",
    "email": "",
    "is_staff": false,
    "is_active": true,
    "date_joined": "2026-03-12T05:13:10.202Z",
    "role": "student",
    "department": 1,
    "student_profile": 213,
    "groups": [],
    "user_permissions": []
  }
},
{
  "model": "assessment.customuser",
  "pk": 94,
  "fields": {
    "password": "pbkdf2_sha256$1200000$JbzDIq0e7dJbfAZsapVZ6h$DvqsZN2RtJaGpU/d9ovaFVTQbkcJHytkx4VzTQM1UaI=",
    "last_login": null,
    "is_superuser": false,
    "username": "711224104053",
    "first_name": "PONDINESH D",
    "last_name": "",
    "email": "",
    "is_staff": false,
    "is_active": true,
    "date_joined": "2026-03-12T05:13:11.090Z",
    "role": "student",
    "department": 1,
    "student_profile": 214,
    "groups": [],
    "user_permissions": []
  }
},
{
  "model": "assessment.customuser",
  "pk": 95,
  "fields": {
    "password": "pbkdf2_sha256$1200000$FKroIb7oMVaxkgNTJy3yqq$nuFNYUH83EcPXvxj0xVcjfaiyCGsoIMqpjpXdJk6wCc=",
    "last_login": null,
    "is_superuser": false,
    "username": "711224104054",
    "first_name": "PRADEEKSHA K",
    "last_name": "",
    "email": "",
    "is_staff": false,
    "is_active": true,
    "date_joined": "2026-03-12T05:13:12.002Z",
    "role": "student",
    "department": 1,
    "student_profile": 215,
    "groups": [],
    "user_permissions": []
  }
},
{
  "model": "assessment.customuser",
  "pk": 96,
  "fields": {
    "password": "pbkdf2_sha256$1200000$rYMqMTsrGScVe4M1qDcZIr$fzPQT4hV4J6QhPkMpMHl787eNCXoHvIm92Eay90b38U=",
    "last_login": null,
    "is_superuser": false,
    "username": "711224104055",
    "first_name": "PRAVEEN L",
    "last_name": "",
    "email": "",
    "is_staff": false,
    "is_active": true,
    "date_joined": "2026-03-12T05:13:13.031Z",
    "role": "student",
    "department": 1,
    "student_profile": 216,
    "groups": [],
    "user_permissions": []
  }
},
{
  "model": "assessment.customuser",
  "pk": 97,
  "fields": {
    "password": "pbkdf2_sha256$1200000$zA2VfKjucrCnICTFDQhfnT$yfuIw9XCYbUDvyZcE1iLFV4rpGV8AMqDk3RUM1sbqcA=",
    "last_login": null,
    "is_superuser": false,
    "username": "711224104056",
    "first_name": "PRAVEENA K",
    "last_name": "",
    "email": "",
    "is_staff": false,
    "is_active": true,
    "date_joined": "2026-03-12T05:13:13.942Z",
    "role": "student",
    "department": 1,
    "student_profile": 217,
    "groups": [],
    "user_permissions": []
  }
},
{
  "model": "assessment.customuser",
  "pk": 98,
  "fields": {
    "password": "pbkdf2_sha256$1200000$ABZhpzLHoXtsFrMgsAFQ4k$wATW9NZcGI6xoLRgF/xY+8F3TJ62jguVmx5DO0MwSfw=",
    "last_login": null,
    "is_superuser": false,
    "username": "711224104057",
    "first_name": "PRAWIN A",
    "last_name": "",
    "email": "",
    "is_staff": false,
    "is_active": true,
    "date_joined": "2026-03-12T05:13:14.843Z",
    "role": "student",
    "department": 1,
    "student_profile": 218,
    "groups": [],
    "user_permissions": []
  }
},
{
  "model": "assessment.customuser",
  "pk": 99,
  "fields": {
    "password": "pbkdf2_sha256$1200000$Axxjyt5at4SpzjwnJnRbg4$7u5phoMENcoPNPSkLZG+4ttmTAQA8NTVOBfZovKu6H8=",
    "last_login": null,
    "is_superuser": false,
    "username": "711224104058",
    "first_name": "PRITHIKA S",
    "last_name": "",
    "email": "",
    "is_staff": false,
    "is_active": true,
    "date_joined": "2026-03-12T05:13:15.747Z",
    "role": "student",
    "department": 1,
    "student_profile": 219,
    "groups": [],
    "user_permissions": []
  }
},
{
  "model": "assessment.customuser",
  "pk": 100,
  "fields": {
    "password": "pbkdf2_sha256$1200000$pwAtmcZ6kdcvrajm61ipZ9$5uggBXxJm6DqlINf5qoODU2MP19lbPpIGmaR000XMuA=",
    "last_login": null,
    "is_superuser": false,
    "username": "711224104059",
    "first_name": "PRITHIV RAAM V",
    "last_name": "",
    "email": "",
    "is_staff": false,
    "is_active": true,
    "date_joined": "2026-03-12T05:13:16.631Z",
    "role": "student",
    "department": 1,
    "student_profile": 220,
    "groups": [],
    "user_permissions": []
  }
},
{
  "model": "assessment.customuser",
  "pk": 101,
  "fields": {
    "password": "pbkdf2_sha256$1200000$vzumfjuGxe8701NcBhHTpW$cbcuOg54Gkwz2mkzsKFQ8Z5+4u4l4IXLJggSs6ZNrGY=",
    "last_login": null,
    "is_superuser": false,
    "username": "711224104061",
    "first_name": "RABIYATHUL BASARIYA M",
    "last_name": "",
    "email": "",
    "is_staff": false,
    "is_active": true,
    "date_joined": "2026-03-12T05:13:17.522Z",
    "role": "student",
    "department": 1,
    "student_profile": 221,
    "groups": [],
    "user_permissions": []
  }
},
{
  "model": "assessment.customuser",
  "pk": 102,
  "fields": {
    "password": "pbkdf2_sha256$1200000$Y6UOqSUdAlulP8fSGuFk84$Le4b6PGyzWm3x/xW3DgmT0U0Rq27n6sA02LAArP+QZc=",
    "last_login": null,
    "is_superuser": false,
    "username": "711224104062",
    "first_name": "RADHAKRISHNAN R",
    "last_name": "",
    "email": "",
    "is_staff": false,
    "is_active": true,
    "date_joined": "2026-03-12T05:13:18.428Z",
    "role": "student",
    "department": 1,
    "student_profile": 222,
    "groups": [],
    "user_permissions": []
  }
},
{
  "model": "assessment.customuser",
  "pk": 103,
  "fields": {
    "password": "pbkdf2_sha256$1200000$HM8t2dbrDEzJVYgqslKEC5$AMiCoOKklhahA6XGkqrzIZfQDzWtHFVUnxZxQxfqdpk=",
    "last_login": null,
    "is_superuser": false,
    "username": "711224104063",
    "first_name": "RAGU PARATHI E",
    "last_name": "",
    "email": "",
    "is_staff": false,
    "is_active": true,
    "date_joined": "2026-03-12T05:13:19.313Z",
    "role": "student",
    "department": 1,
    "student_profile": 223,
    "groups": [],
    "user_permissions": []
  }
},
{
  "model": "assessment.customuser",
  "pk": 104,
  "fields": {
    "password": "pbkdf2_sha256$1200000$tFkrhwkHam693D5CL7I6ip$NS0zrxx/lAQymR7HpVRUoTz+PMITCAgjEN9IXlacKb0=",
    "last_login": null,
    "is_superuser": false,
    "username": "711224104064",
    "first_name": "RESHMA S",
    "last_name": "",
    "email": "",
    "is_staff": false,
    "is_active": true,
    "date_joined": "2026-03-12T05:13:20.216Z",
    "role": "student",
    "department": 1,
    "student_profile": 224,
    "groups": [],
    "user_permissions": []
  }
},
{
  "model": "assessment.customuser",
  "pk": 105,
  "fields": {
    "password": "pbkdf2_sha256$1200000$euIZXaymGiveZdQ3o3oG94$Wuc63KdDUXL3DkuQc2ExACM8wcYcjnVovSE2ik1b1gI=",
    "last_login": null,
    "is_superuser": false,
    "username": "711224104065",
    "first_name": "RITHANYA M",
    "last_name": "",
    "email": "",
    "is_staff": false,
    "is_active": true,
    "date_joined": "2026-03-12T05:13:21.097Z",
    "role": "student",
    "department": 1,
    "student_profile": 225,
    "groups": [],
    "user_permissions": []
  }
},
{
  "model": "assessment.customuser",
  "pk": 106,
  "fields": {
    "password": "pbkdf2_sha256$1200000$pYL8RgmV9qd1wuQ6jHD9k5$aHTkJ3VlobCR9L9Q/2oQa3Aa9ADIEAO0vavKywzZ5fQ=",
    "last_login": null,
    "is_superuser": false,
    "username": "711224104066",
    "first_name": "RIZWANA M",
    "last_name": "",
    "email": "",
    "is_staff": false,
    "is_active": true,
    "date_joined": "2026-03-12T05:13:21.969Z",
    "role": "student",
    "department": 1,
    "student_profile": 226,
    "groups": [],
    "user_permissions": []
  }
},
{
  "model": "assessment.customuser",
  "pk": 107,
  "fields": {
    "password": "pbkdf2_sha256$1200000$ryhRG9nVPkfjvz9MojP1Ew$OlwKFfbOLybJUcFuIrHJMFHTllI0zlZPzbxppEhRHaU=",
    "last_login": null,
    "is_superuser": false,
    "username": "711224104067",
    "first_name": "RUPAGAYATHRI T K",
    "last_name": "",
    "email": "",
    "is_staff": false,
    "is_active": true,
    "date_joined": "2026-03-12T05:13:22.871Z",
    "role": "student",
    "department": 1,
    "student_profile": 227,
    "groups": [],
    "user_permissions": []
  }
},
{
  "model": "assessment.customuser",
  "pk": 108,
  "fields": {
    "password": "pbkdf2_sha256$1200000$3SVLbA5Y7jtB2ExeKU9Rsk$YLePqMxOTPeDUOtgGDq3qNA/gstmFZRMr4JeClutx80=",
    "last_login": null,
    "is_superuser": false,
    "username": "711224104068",
    "first_name": "SAJIN R",
    "last_name": "",
    "email": "",
    "is_staff": false,
    "is_active": true,
    "date_joined": "2026-03-12T05:13:23.769Z",
    "role": "student",
    "department": 1,
    "student_profile": 228,
    "groups": [],
    "user_permissions": []
  }
},
{
  "model": "assessment.customuser",
  "pk": 109,
  "fields": {
    "password": "pbkdf2_sha256$1200000$jbC148lvVDGKbY7CGtKz5E$m34NwPO8x7pBVPCDvKS8NNMxq9DooEwSUo9pb3oYAZw=",
    "last_login": null,
    "is_superuser": false,
    "username": "711224104069",
    "first_name": "SANJITH S",
    "last_name": "",
    "email": "",
    "is_staff": false,
    "is_active": true,
    "date_joined": "2026-03-12T05:13:24.660Z",
    "role": "student",
    "department": 1,
    "student_profile": 229,
    "groups": [],
    "user_permissions": []
  }
},
{
  "model": "assessment.customuser",
  "pk": 110,
  "fields": {
    "password": "pbkdf2_sha256$1200000$yPuGunD1i6GFknlaMUoAg7$trcHN00FrEKE+0wWn4Ix7z4i4WniNr5QGrNCtBA3jSQ=",
    "last_login": null,
    "is_superuser": false,
    "username": "711224104070",
    "first_name": "SANTHOSH KUMAR P",
    "last_name": "",
    "email": "",
    "is_staff": false,
    "is_active": true,
    "date_joined": "2026-03-12T05:13:25.568Z",
    "role": "student",
    "department": 1,
    "student_profile": 230,
    "groups": [],
    "user_permissions": []
  }
},
{
  "model": "assessment.customuser",
  "pk": 111,
  "fields": {
    "password": "pbkdf2_sha256$1200000$lgYgKkCPP7wuxYQlrdOwXE$57C+oAffm1XZ9Zn1UVJFRyg+lHz0JXK0QNQXlGZU3LU=",
    "last_login": null,
    "is_superuser": false,
    "username": "711224104071",
    "first_name": "SARAVANAN M",
    "last_name": "",
    "email": "",
    "is_staff": false,
    "is_active": true,
    "date_joined": "2026-03-12T05:13:26.467Z",
    "role": "student",
    "department": 1,
    "student_profile": 231,
    "groups": [],
    "user_permissions": []
  }
},
{
  "model": "assessment.customuser",
  "pk": 112,
  "fields": {
    "password": "pbkdf2_sha256$1200000$IAdpOvcpF3E9LohfDDSaLs$xFHR+oRt1GLnUfsf7Jjpg+ha2wbGknyZG4lYVS0nWtE=",
    "last_login": null,
    "is_superuser": false,
    "username": "711224104072",
    "first_name": "SHALINI S",
    "last_name": "",
    "email": "",
    "is_staff": false,
    "is_active": true,
    "date_joined": "2026-03-12T05:13:27.366Z",
    "role": "student",
    "department": 1,
    "student_profile": 232,
    "groups": [],
    "user_permissions": []
  }
},
{
  "model": "assessment.customuser",
  "pk": 113,
  "fields": {
    "password": "pbkdf2_sha256$1200000$LGGQes6Y6Fi3wMZRJMQgyP$F3XNSlAwy/2VtN74Obm5hLT7ARqtckR6pbTZ2hRvrLY=",
    "last_login": null,
    "is_superuser": false,
    "username": "711224104073",
    "first_name": "SHANJITH D",
    "last_name": "",
    "email": "",
    "is_staff": false,
    "is_active": true,
    "date_joined": "2026-03-12T05:13:28.361Z",
    "role": "student",
    "department": 1,
    "student_profile": 233,
    "groups": [],
    "user_permissions": []
  }
},
{
  "model": "assessment.customuser",
  "pk": 114,
  "fields": {
    "password": "pbkdf2_sha256$1200000$ztj67hfhryx7TlJDzAGq2u$QiFN+7esOpVaVoOQqY+BOd65CD4WAN+vN8dXWMv/yZg=",
    "last_login": null,
    "is_superuser": false,
    "username": "711224104074",
    "first_name": "SHANMUGANATHAN R",
    "last_name": "",
    "email": "",
    "is_staff": false,
    "is_active": true,
    "date_joined": "2026-03-12T05:13:29.280Z",
    "role": "student",
    "department": 1,
    "student_profile": 234,
    "groups": [],
    "user_permissions": []
  }
},
{
  "model": "assessment.customuser",
  "pk": 115,
  "fields": {
    "password": "pbkdf2_sha256$1200000$IZruj3mYFgkhLB2wwC6Ezi$kOm4ztdwWzKgoQn/os6HNx4m2bYz1j1Iu/FPjW52JSA=",
    "last_login": null,
    "is_superuser": false,
    "username": "711224104075",
    "first_name": "SMIRA S",
    "last_name": "",
    "email": "",
    "is_staff": false,
    "is_active": true,
    "date_joined": "2026-03-12T05:13:30.168Z",
    "role": "student",
    "department": 1,
    "student_profile": 235,
    "groups": [],
    "user_permissions": []
  }
},
{
  "model": "assessment.customuser",
  "pk": 116,
  "fields": {
    "password": "pbkdf2_sha256$1200000$NcDdxSuAkI1MGQWTPy0l5E$z7jRNNmKtGOwSrNBiEFYUpIHnMMBIp2PhKWqjDzw2v8=",
    "last_login": null,
    "is_superuser": false,
    "username": "711224104076",
    "first_name": "SOWMIYA M",
    "last_name": "",
    "email": "",
    "is_staff": false,
    "is_active": true,
    "date_joined": "2026-03-12T05:13:31.076Z",
    "role": "student",
    "department": 1,
    "student_profile": 236,
    "groups": [],
    "user_permissions": []
  }
},
{
  "model": "assessment.customuser",
  "pk": 117,
  "fields": {
    "password": "pbkdf2_sha256$1200000$un1TGYieZfb5zHc4zW9zE8$mDymjr/JJB3NrthSMv/l6hRv/ajwMz9Lh/1LtwNsrZU=",
    "last_login": null,
    "is_superuser": false,
    "username": "711224104077",
    "first_name": "SRI VIGNESH SMK",
    "last_name": "",
    "email": "",
    "is_staff": false,
    "is_active": true,
    "date_joined": "2026-03-12T05:13:31.969Z",
    "role": "student",
    "department": 1,
    "student_profile": 237,
    "groups": [],
    "user_permissions": []
  }
},
{
  "model": "assessment.customuser",
  "pk": 118,
  "fields": {
    "password": "pbkdf2_sha256$1200000$cJL3g9TpM11cpHofMm81Qf$W42hJ+skOlyPl+vPuC3U6eRP57tYyWrE40q2S11UO0U=",
    "last_login": null,
    "is_superuser": false,
    "username": "711224104078",
    "first_name": "SRIMATHI M",
    "last_name": "",
    "email": "",
    "is_staff": false,
    "is_active": true,
    "date_joined": "2026-03-12T05:13:32.850Z",
    "role": "student",
    "department": 1,
    "student_profile": 238,
    "groups": [],
    "user_permissions": []
  }
},
{
  "model": "assessment.customuser",
  "pk": 119,
  "fields": {
    "password": "pbkdf2_sha256$1200000$YXmPxSTF0Sv1HPJgu9QoYv$AaPQjMJqoBjSY1ssiCnhBIunR74J6aHoPBi70x5F+yA=",
    "last_login": null,
    "is_superuser": false,
    "username": "711224104079",
    "first_name": "SUDHARSINI K",
    "last_name": "",
    "email": "",
    "is_staff": false,
    "is_active": true,
    "date_joined": "2026-03-12T05:13:33.758Z",
    "role": "student",
    "department": 1,
    "student_profile": 239,
    "groups": [],
    "user_permissions": []
  }
},
{
  "model": "assessment.customuser",
  "pk": 120,
  "fields": {
    "password": "pbkdf2_sha256$1200000$lpXj2b8YAnD4BafM9gy2Tx$BeXw6RYg1iL1rhV2ReS6l3+HmzMQgzNTfP2CIY8EciM=",
    "last_login": null,
    "is_superuser": false,
    "username": "711224104081",
    "first_name": "SURENDRAN S",
    "last_name": "",
    "email": "",
    "is_staff": false,
    "is_active": true,
    "date_joined": "2026-03-12T05:13:34.672Z",
    "role": "student",
    "department": 1,
    "student_profile": 240,
    "groups": [],
    "user_permissions": []
  }
},
{
  "model": "assessment.customuser",
  "pk": 121,
  "fields": {
    "password": "pbkdf2_sha256$1200000$0QnvEObcrovxS0XyGxugBD$pU/++cNrPIgvHJPUNcrdqHMWfP0W3q9fp/SvItNfyWQ=",
    "last_login": null,
    "is_superuser": false,
    "username": "711224104082",
    "first_name": "TAMILSELVAN T",
    "last_name": "",
    "email": "",
    "is_staff": false,
    "is_active": true,
    "date_joined": "2026-03-12T05:13:35.554Z",
    "role": "student",
    "department": 1,
    "student_profile": 241,
    "groups": [],
    "user_permissions": []
  }
},
{
  "model": "assessment.customuser",
  "pk": 122,
  "fields": {
    "password": "pbkdf2_sha256$1200000$Ggwe0rVMcjaaqs2bdLw82k$9r7EqfVe7smqGXb7609ywDxmTE/pjo4w4Oe6amd2qMo=",
    "last_login": null,
    "is_superuser": false,
    "username": "711224104083",
    "first_name": "TARUN R S",
    "last_name": "",
    "email": "",
    "is_staff": false,
    "is_active": true,
    "date_joined": "2026-03-12T05:13:36.465Z",
    "role": "student",
    "department": 1,
    "student_profile": 242,
    "groups": [],
    "user_permissions": []
  }
},
{
  "model": "assessment.customuser",
  "pk": 123,
  "fields": {
    "password": "pbkdf2_sha256$1200000$qADTcSuPrhs00xOsLV6YfN$9CC0Rn4sQEp9RQFqk7m85zK905bUYBB6fn4sVBqiVxM=",
    "last_login": null,
    "is_superuser": false,
    "username": "711224104084",
    "first_name": "THULASI D",
    "last_name": "",
    "email": "",
    "is_staff": false,
    "is_active": true,
    "date_joined": "2026-03-12T05:13:37.354Z",
    "role": "student",
    "department": 1,
    "student_profile": 243,
    "groups": [],
    "user_permissions": []
  }
},
{
  "model": "assessment.customuser",
  "pk": 124,
  "fields": {
    "password": "pbkdf2_sha256$1200000$1jgTCJ1HQCFXH3xa8RxJJf$pm9BUi4oVdbumi5HH7gQFaTo9h7qhDp9Svt9mfih8i0=",
    "last_login": null,
    "is_superuser": false,
    "username": "711224104085",
    "first_name": "UDHAYARAJ P",
    "last_name": "",
    "email": "",
    "is_staff": false,
    "is_active": true,
    "date_joined": "2026-03-12T05:13:38.254Z",
    "role": "student",
    "department": 1,
    "student_profile": 244,
    "groups": [],
    "user_permissions": []
  }
},
{
  "model": "assessment.customuser",
  "pk": 125,
  "fields": {
    "password": "pbkdf2_sha256$1200000$mqyJSAEEPdhIGeqCuNEYqb$nY43i8QBFS76IR2gGTR1iFL3bCTe6eFpACYZfsN09KY=",
    "last_login": null,
    "is_superuser": false,
    "username": "711224104086",
    "first_name": "VARSHINI E",
    "last_name": "",
    "email": "",
    "is_staff": false,
    "is_active": true,
    "date_joined": "2026-03-12T05:13:39.146Z",
    "role": "student",
    "department": 1,
    "student_profile": 245,
    "groups": [],
    "user_permissions": []
  }
},
{
  "model": "assessment.customuser",
  "pk": 126,
  "fields": {
    "password": "pbkdf2_sha256$1200000$SYm12QxPGFbgAs8MXQZtT8$EAUFr8PF5ZfdTud9O0+bTQ5d6Uon6HbWjqg4ycTVsCI=",
    "last_login": null,
    "is_superuser": false,
    "username": "711224104087",
    "first_name": "VASANTHI M",
    "last_name": "",
    "email": "",
    "is_staff": false,
    "is_active": true,
    "date_joined": "2026-03-12T05:13:40.057Z",
    "role": "student",
    "department": 1,
    "student_profile": 246,
    "groups": [],
    "user_permissions": []
  }
},
{
  "model": "assessment.customuser",
  "pk": 127,
  "fields": {
    "password": "pbkdf2_sha256$1200000$jQglbLYrs0ByQYiysUruL9$xN+FHe1MdD3WqYXfMCsJp5ga9mkYDfoDEEuN+ZVvTa8=",
    "last_login": null,
    "is_superuser": false,
    "username": "711224104088",
    "first_name": "VIKASHINA K",
    "last_name": "",
    "email": "",
    "is_staff": false,
    "is_active": true,
    "date_joined": "2026-03-12T05:13:40.957Z",
    "role": "student",
    "department": 1,
    "student_profile": 247,
    "groups": [],
    "user_permissions": []
  }
},
{
  "model": "assessment.customuser",
  "pk": 128,
  "fields": {
    "password": "pbkdf2_sha256$1200000$Gqq34lcai8cIcNGV8ziPSA$pFma1Py8KCMk39wG69cNTmGyNORWZK3ttW4itelvZxs=",
    "last_login": null,
    "is_superuser": false,
    "username": "711224104089",
    "first_name": "VIKNA BHARATH M G",
    "last_name": "",
    "email": "",
    "is_staff": false,
    "is_active": true,
    "date_joined": "2026-03-12T05:13:41.881Z",
    "role": "student",
    "department": 1,
    "student_profile": 248,
    "groups": [],
    "user_permissions": []
  }
},
{
  "model": "assessment.customuser",
  "pk": 129,
  "fields": {
    "password": "pbkdf2_sha256$1200000$OVmdnd1KbSYt2tyLvL6WTo$d/xpg4sOqYqJKnTivl/WUfBzcNnbHxh6L7rF0IvVr8c=",
    "last_login": null,
    "is_superuser": false,
    "username": "711224104091",
    "first_name": "VISHWANATHAN G",
    "last_name": "",
    "email": "",
    "is_staff": false,
    "is_active": true,
    "date_joined": "2026-03-12T05:13:42.844Z",
    "role": "student",
    "department": 1,
    "student_profile": 249,
    "groups": [],
    "user_permissions": []
  }
},
{
  "model": "assessment.customuser",
  "pk": 130,
  "fields": {
    "password": "pbkdf2_sha256$1200000$Ywnwq0f18vGtIaInATkLIV$s0vYochi6/tiUcpfpyADF/ykdSlD3V7moNkuSnNM+JI=",
    "last_login": null,
    "is_superuser": false,
    "username": "711224104092",
    "first_name": "YOGESH R",
    "last_name": "",
    "email": "",
    "is_staff": false,
    "is_active": true,
    "date_joined": "2026-03-12T05:13:43.757Z",
    "role": "student",
    "department": 1,
    "student_profile": 250,
    "groups": [],
    "user_permissions": []
  }
},
{
  "model": "assessment.customuser",
  "pk": 131,
  "fields": {
    "password": "pbkdf2_sha256$1200000$PhW1zcHpMdD2Fsie4bW9Lr$5jciQzHW9G4VjmiFJvYu9nDfnd1Ei+g4rnzW9uT3FbM=",
    "last_login": null,
    "is_superuser": false,
    "username": "711224104094",
    "first_name": "YUVARAJ S",
    "last_name": "",
    "email": "",
    "is_staff": false,
    "is_active": true,
    "date_joined": "2026-03-12T05:13:44.814Z",
    "role": "student",
    "department": 1,
    "student_profile": 251,
    "groups": [],
    "user_permissions": []
  }
},
{
  "model": "assessment.customuser",
  "pk": 132,
  "fields": {
    "password": "pbkdf2_sha256$1200000$gw4f4L4Kg7r9oIUR4gb1Eq$RBzXPCmF7chakrroBnDm9qf9jjvhlZU4pfA3K4m0DFE=",
    "last_login": null,
    "is_superuser": false,
    "username": "24CS301",
    "first_name": "DEVAKI U",
    "last_name": "",
    "email": "",
    "is_staff": false,
    "is_active": true,
    "date_joined": "2026-03-12T05:13:45.880Z",
    "role": "student",
    "department": 1,
    "student_profile": 114,
    "groups": [],
    "user_permissions": []
  }
},
{
  "model": "assessment.customuser",
  "pk": 133,
  "fields": {
    "password": "pbkdf2_sha256$1200000$UDy0IINFbCDhofCBs8SSxl$ix6UDFevIql7Zr60h2LvEodeteTfcLzynOwe7X8fK5Y=",
    "last_login": null,
    "is_superuser": false,
    "username": "24CS302",
    "first_name": "DHARANISH R",
    "last_name": "",
    "email": "",
    "is_staff": false,
    "is_active": true,
    "date_joined": "2026-03-12T05:13:46.964Z",
    "role": "student",
    "department": 1,
    "student_profile": 115,
    "groups": [],
    "user_permissions": []
  }
},
{
  "model": "assessment.customuser",
  "pk": 134,
  "fields": {
    "password": "pbkdf2_sha256$1200000$y6s42MEpe4yIurGU5EfUMo$Aw0Nqdgoh8On7eOrho219Edn8qTPfAkbNN8LS0R7hDc=",
    "last_login": null,
    "is_superuser": false,
    "username": "24CS303",
    "first_name": "KEERTHANA M",
    "last_name": "",
    "email": "",
    "is_staff": false,
    "is_active": true,
    "date_joined": "2026-03-12T05:13:48.093Z",
    "role": "student",
    "department": 1,
    "student_profile": 116,
    "groups": [],
    "user_permissions": []
  }
},
{
  "model": "assessment.customuser",
  "pk": 135,
  "fields": {
    "password": "pbkdf2_sha256$1200000$0x4OJpjrSsymxW15gBA1Ju$Mw2zIqZCZ4NSAYDOXnkdpPzZaW+Nb6v831PYfobXJiA=",
    "last_login": null,
    "is_superuser": false,
    "username": "test",
    "first_name": "test",
    "last_name": "",
    "email": "",
    "is_staff": false,
    "is_active": true,
    "date_joined": "2026-03-12T05:45:52.114Z",
    "role": "teacher",
    "department": null,
    "student_profile": null,
    "groups": [],
    "user_permissions": []
  }
},
{
  "model": "assessment.department",
  "pk": 1,
  "fields": {
    "name": "Computer Science and Engineering",
    "code": "CSE"
  }
},
{
  "model": "assessment.department",
  "pk": 2,
  "fields": {
    "name": "Electronics and Communication Engineering",
    "code": "ECE"
  }
},
{
  "model": "assessment.batch",
  "pk": 1,
  "fields": {
    "year_start": 2024,
    "year_end": 2028,
    "department": 1
  }
},
{
  "model": "assessment.batch",
  "pk": 2,
  "fields": {
    "year_start": 2024,
    "year_end": 2028,
    "department": 2
  }
},
{
  "model": "assessment.batch",
  "pk": 3,
  "fields": {
    "year_start": 2023,
    "year_end": 2027,
    "department": 1
  }
},
{
  "model": "assessment.batch",
  "pk": 4,
  "fields": {
    "year_start": 2022,
    "year_end": 2026,
    "department": 1
  }
},
{
  "model": "assessment.batch",
  "pk": 5,
  "fields": {
    "year_start": 2025,
    "year_end": 2029,
    "department": 1
  }
},
{
  "model": "assessment.subject",
  "pk": 1,
  "fields": {
    "name": "Matrices and Calculus",
    "code": "24UMA101",
    "department": 1,
    "semester": 1,
    "staff_name": "",
    "teacher": null,
    "assigned_students": [
      209,
      210,
      211,
      212,
      213,
      214,
      215,
      216,
      217,
      218,
      219,
      220,
      221,
      222,
      223,
      224,
      225,
      226,
      227,
      228,
      229,
      230,
      231,
      232,
      233,
      234,
      235,
      236,
      237,
      238,
      239,
      240,
      241,
      242,
      243,
      244,
      245,
      246,
      247,
      248,
      249,
      250,
      251
    ]
  }
},
{
  "model": "assessment.subject",
  "pk": 2,
  "fields": {
    "name": "Problem Solving and Python Programming",
    "code": "24UGE101",
    "department": 1,
    "semester": 1,
    "staff_name": "",
    "teacher": null,
    "assigned_students": [
      209,
      210,
      211,
      212,
      213,
      214,
      215,
      216,
      217,
      218,
      219,
      220,
      221,
      222,
      223,
      224,
      225,
      226,
      227,
      228,
      229,
      230,
      231,
      232,
      233,
      234,
      235,
      236,
      237,
      238,
      239,
      240,
      241,
      242,
      243,
      244,
      245,
      246,
      247,
      248,
      249,
      250,
      251
    ]
  }
},
{
  "model": "assessment.subject",
  "pk": 3,
  "fields": {
    "name": "Engineering Physics",
    "code": "24UPH101",
    "department": 1,
    "semester": 1,
    "staff_name": "",
    "teacher": null,
    "assigned_students": [
      209,
      210,
      211,
      212,
      213,
      214,
      215,
      216,
      217,
      218,
      219,
      220,
      221,
      222,
      223,
      224,
      225,
      226,
      227,
      228,
      229,
      230,
      231,
      232,
      233,
      234,
      235,
      236,
      237,
      238,
      239,
      240,
      241,
      242,
      243,
      244,
      245,
      246,
      247,
      248,
      249,
      250,
      251
    ]
  }
},
{
  "model": "assessment.subject",
  "pk": 4,
  "fields": {
    "name": "Engineering Chemistry",
    "code": "24UCY101",
    "department": 1,
    "semester": 1,
    "staff_name": "",
    "teacher": null,
    "assigned_students": [
      209,
      210,
      211,
      212,
      213,
      214,
      215,
      216,
      217,
      218,
      219,
      220,
      221,
      222,
      223,
      224,
      225,
      226,
      227,
      228,
      229,
      230,
      231,
      232,
      233,
      234,
      235,
      236,
      237,
      238,
      239,
      240,
      241,
      242,
      243,
      244,
      245,
      246,
      247,
      248,
      249,
      250,
      251
    ]
  }
},
{
  "model": "assessment.subject",
  "pk": 5,
  "fields": {
    "name": "Professional English-I",
    "code": "24UHS101",
    "department": 1,
    "semester": 1,
    "staff_name": "",
    "teacher": null,
    "assigned_students": [
      209,
      210,
      211,
      212,
      213,
      214,
      215,
      216,
      217,
      218,
      219,
      220,
      221,
      222,
      223,
      224,
      225,
      226,
      227,
      228,
      229,
      230,
      231,
      232,
      233,
      234,
      235,
      236,
      237,
      238,
      239,
      240,
      241,
      242,
      243,
      244,
      245,
      246,
      247,
      248,
      249,
      250,
      251
    ]
  }
},
{
  "model": "assessment.subject",
  "pk": 6,
  "fields": {
    "name": "Statistics and Numeric Methods",
    "code": "24UMA201",
    "department": 1,
    "semester": 2,
    "staff_name": "",
    "teacher": null,
    "assigned_students": [
      209,
      210,
      211,
      212,
      213,
      214,
      215,
      216,
      217,
      218,
      219,
      220,
      221,
      222,
      223,
      224,
      225,
      226,
      227,
      228,
      229,
      230,
      231,
      232,
      233,
      234,
      235,
      236,
      237,
      238,
      239,
      240,
      241,
      242,
      243,
      244,
      245,
      246,
      247,
      248,
      249,
      250,
      251
    ]
  }
},
{
  "model": "assessment.subject",
  "pk": 8,
  "fields": {
    "name": "Digital Principles and Design",
    "code": "24UECI221",
    "department": 1,
    "semester": 2,
    "staff_name": "",
    "teacher": null,
    "assigned_students": [
      209,
      210,
      211,
      212,
      213,
      214,
      215,
      216,
      217,
      218,
      219,
      220,
      221,
      222,
      223,
      224,
      225,
      226,
      227,
      228,
      229,
      230,
      231,
      232,
      233,
      234,
      235,
      236,
      237,
      238,
      239,
      240,
      241,
      242,
      243,
      244,
      245,
      246,
      247,
      248,
      249,
      250,
      251
    ]
  }
},
{
  "model": "assessment.subject",
  "pk": 10,
  "fields": {
    "name": "Environmental Science and Sustainability",
    "code": "24UGE201",
    "department": 1,
    "semester": 2,
    "staff_name": "",
    "teacher": null,
    "assigned_students": [
      209,
      210,
      211,
      212,
      213,
      214,
      215,
      216,
      217,
      218,
      219,
      220,
      221,
      222,
      223,
      224,
      225,
      226,
      227,
      228,
      229,
      230,
      231,
      232,
      233,
      234,
      235,
      236,
      237,
      238,
      239,
      240,
      241,
      242,
      243,
      244,
      245,
      246,
      247,
      248,
      249,
      250,
      251
    ]
  }
},
{
  "model": "assessment.subject",
  "pk": 11,
  "fields": {
    "name": "Discrete Mathematics",
    "code": "24UMA302",
    "department": 1,
    "semester": 3,
    "staff_name": "",
    "teacher": null,
    "assigned_students": [
      117,
      118,
      119,
      120,
      121,
      122,
      123,
      124,
      125,
      126,
      127,
      128,
      129,
      130,
      131,
      132,
      133,
      134,
      135,
      136,
      137,
      138,
      139,
      140,
      141,
      142,
      143,
      144,
      145,
      146,
      147,
      148,
      149,
      150,
      151,
      152,
      153,
      154,
      155,
      156,
      157,
      158,
      159,
      160,
      161,
      162
    ]
  }
},
{
  "model": "assessment.subject",
  "pk": 12,
  "fields": {
    "name": "Foundations Of Data Science",
    "code": "24UCSI301",
    "department": 1,
    "semester": 3,
    "staff_name": "",
    "teacher": null,
    "assigned_students": [
      117,
      118,
      119,
      120,
      121,
      122,
      123,
      124,
      125,
      126,
      127,
      128,
      129,
      130,
      131,
      132,
      133,
      134,
      135,
      136,
      137,
      138,
      139,
      140,
      141,
      142,
      143,
      144,
      145,
      146,
      147,
      148,
      149,
      150,
      151,
      152,
      153,
      154,
      155,
      156,
      157,
      158,
      159,
      160,
      161,
      162
    ]
  }
},
{
  "model": "assessment.subject",
  "pk": 13,
  "fields": {
    "name": "Data Structures",
    "code": "24UCS301",
    "department": 1,
    "semester": 3,
    "staff_name": "",
    "teacher": null,
    "assigned_students": [
      117,
      118,
      119,
      120,
      121,
      122,
      123,
      124,
      125,
      126,
      127,
      128,
      129,
      130,
      131,
      132,
      133,
      134,
      135,
      136,
      137,
      138,
      139,
      140,
      141,
      142,
      143,
      144,
      145,
      146,
      147,
      148,
      149,
      150,
      151,
      152,
      153,
      154,
      155,
      156,
      157,
      158,
      159,
      160,
      161,
      162
    ]
  }
},
{
  "model": "assessment.subject",
  "pk": 14,
  "fields": {
    "name": "Operating Systems",
    "code": "24UCS303",
    "department": 1,
    "semester": 3,
    "staff_name": "",
    "teacher": 79,
    "assigned_students": [
      117,
      118,
      119,
      120,
      121,
      122,
      123,
      124,
      125,
      126,
      127,
      128,
      129,
      130,
      131,
      132,
      133,
      134,
      135,
      136,
      137,
      138,
      139,
      140,
      141,
      142,
      143,
      144,
      145,
      146,
      147,
      148,
      149,
      150,
      151,
      152,
      153,
      154,
      155,
      156,
      157,
      158,
      159,
      160,
      161,
      162
    ]
  }
},
{
  "model": "assessment.subject",
  "pk": 15,
  "fields": {
    "name": "Object Oriented Programming System",
    "code": "24UCS302",
    "department": 1,
    "semester": 3,
    "staff_name": "",
    "teacher": 73,
    "assigned_students": [
      117,
      118,
      119,
      120,
      121,
      122,
      123,
      124,
      125,
      126,
      127,
      128,
      129,
      130,
      131,
      132,
      133,
      134,
      135,
      136,
      137,
      138,
      139,
      140,
      141,
      142,
      143,
      144,
      145,
      146,
      147,
      148,
      149,
      150,
      151,
      152,
      153,
      154,
      155,
      156,
      157,
      158,
      159,
      160,
      161,
      162
    ]
  }
},
{
  "model": "assessment.subject",
  "pk": 17,
  "fields": {
    "name": "Web Technology",
    "code": "24UCS401",
    "department": 1,
    "semester": 4,
    "staff_name": "",
    "teacher": 73,
    "assigned_students": [
      117,
      118,
      119,
      120,
      121,
      122,
      123,
      124,
      125,
      126,
      127,
      128,
      129,
      130,
      131,
      132,
      133,
      134,
      135,
      136,
      137,
      138,
      139,
      140,
      141,
      142,
      143,
      144,
      145,
      146,
      147,
      148,
      149,
      150,
      151,
      152,
      153,
      154,
      155,
      156,
      157,
      158,
      159,
      160,
      161,
      162
    ]
  }
},
{
  "model": "assessment.subject",
  "pk": 18,
  "fields": {
    "name": "Database Management Systems",
    "code": "24UCS402",
    "department": 1,
    "semester": 4,
    "staff_name": "",
    "teacher": 74,
    "assigned_students": [
      117,
      118,
      119,
      120,
      121,
      122,
      123,
      124,
      125,
      126,
      127,
      128,
      129,
      130,
      131,
      132,
      133,
      134,
      135,
      136,
      137,
      138,
      139,
      140,
      141,
      142,
      143,
      144,
      145,
      146,
      147,
      148,
      149,
      150,
      151,
      152,
      153,
      154,
      155,
      156,
      157,
      158,
      159,
      160,
      161,
      162
    ]
  }
},
{
  "model": "assessment.subject",
  "pk": 19,
  "fields": {
    "name": "Design and Analysis of Algorithms",
    "code": "24UCS403",
    "department": 1,
    "semester": 4,
    "staff_name": "",
    "teacher": 84,
    "assigned_students": [
      117,
      118,
      119,
      120,
      121,
      122,
      123,
      124,
      125,
      126,
      127,
      128,
      129,
      130,
      131,
      132,
      133,
      134,
      135,
      136,
      137,
      138,
      139,
      140,
      141,
      142,
      143,
      144,
      145,
      146,
      147,
      148,
      149,
      150,
      151,
      152,
      153,
      154,
      155,
      156,
      157,
      158,
      159,
      160,
      161,
      162
    ]
  }
},
{
  "model": "assessment.subject",
  "pk": 20,
  "fields": {
    "name": "Theory of Computation",
    "code": "24UCS404",
    "department": 1,
    "semester": 4,
    "staff_name": "",
    "teacher": 76,
    "assigned_students": [
      117,
      118,
      119,
      120,
      121,
      122,
      123,
      124,
      125,
      126,
      127,
      128,
      129,
      130,
      131,
      132,
      133,
      134,
      135,
      136,
      137,
      138,
      139,
      140,
      141,
      142,
      143,
      144,
      145,
      146,
      147,
      148,
      149,
      150,
      151,
      152,
      153,
      154,
      155,
      156,
      157,
      158,
      159,
      160,
      161,
      162
    ]
  }
},
{
  "model": "assessment.subject",
  "pk": 21,
  "fields": {
    "name": "Computer Organization and Architecture",
    "code": "24UCS405",
    "department": 1,
    "semester": 4,
    "staff_name": "",
    "teacher": 77,
    "assigned_students": [
      117,
      118,
      119,
      120,
      121,
      122,
      123,
      124,
      125,
      126,
      127,
      128,
      129,
      130,
      131,
      132,
      133,
      134,
      135,
      136,
      137,
      138,
      139,
      140,
      141,
      142,
      143,
      144,
      145,
      146,
      147,
      148,
      149,
      150,
      151,
      152,
      153,
      154,
      155,
      156,
      157,
      158,
      159,
      160,
      161,
      162
    ]
  }
},
{
  "model": "assessment.subject",
  "pk": 22,
  "fields": {
    "name": "Artificial Intelligence and Machine Learning",
    "code": "24UADI421",
    "department": 1,
    "semester": 4,
    "staff_name": "",
    "teacher": 78,
    "assigned_students": [
      117,
      118,
      119,
      120,
      121,
      122,
      123,
      124,
      125,
      126,
      127,
      128,
      129,
      130,
      131,
      132,
      133,
      134,
      135,
      136,
      137,
      138,
      139,
      140,
      141,
      142,
      143,
      144,
      145,
      146,
      147,
      148,
      149,
      150,
      151,
      152,
      153,
      154,
      155,
      156,
      157,
      158,
      159,
      160,
      161,
      162
    ]
  }
},
{
  "model": "assessment.subject",
  "pk": 23,
  "fields": {
    "name": "Computer Networks",
    "code": "24UCS501",
    "department": 1,
    "semester": 5,
    "staff_name": "",
    "teacher": null,
    "assigned_students": [
      71,
      72,
      73,
      74,
      75,
      76,
      77,
      78,
      79,
      80,
      81,
      82,
      83,
      84,
      85,
      86,
      87,
      88,
      89,
      90,
      91,
      92,
      93,
      94,
      95,
      96,
      97,
      98,
      99,
      100,
      101,
      102,
      103,
      104,
      105,
      106,
      107,
      108,
      109,
      110,
      111,
      112,
      113,
      114,
      115,
      116
    ]
  }
},
{
  "model": "assessment.subject",
  "pk": 24,
  "fields": {
    "name": "Full Stack Development",
    "code": "24UCS502",
    "department": 1,
    "semester": 5,
    "staff_name": "",
    "teacher": null,
    "assigned_students": [
      71,
      72,
      73,
      74,
      75,
      76,
      77,
      78,
      79,
      80,
      81,
      82,
      83,
      84,
      85,
      86,
      87,
      88,
      89,
      90,
      91,
      92,
      93,
      94,
      95,
      96,
      97,
      98,
      99,
      100,
      101,
      102,
      103,
      104,
      105,
      106,
      107,
      108,
      109,
      110,
      111,
      112,
      113,
      114,
      115,
      116
    ]
  }
},
{
  "model": "assessment.subject",
  "pk": 25,
  "fields": {
    "name": "Compiler Design",
    "code": "24UCS503",
    "department": 1,
    "semester": 5,
    "staff_name": "",
    "teacher": null,
    "assigned_students": [
      71,
      72,
      73,
      74,
      75,
      76,
      77,
      78,
      79,
      80,
      81,
      82,
      83,
      84,
      85,
      86,
      87,
      88,
      89,
      90,
      91,
      92,
      93,
      94,
      95,
      96,
      97,
      98,
      99,
      100,
      101,
      102,
      103,
      104,
      105,
      106,
      107,
      108,
      109,
      110,
      111,
      112,
      113,
      114,
      115,
      116
    ]
  }
},
{
  "model": "assessment.subject",
  "pk": 26,
  "fields": {
    "name": "Human Values and Ethics",
    "code": "24UGE501",
    "department": 1,
    "semester": 5,
    "staff_name": "",
    "teacher": null,
    "assigned_students": [
      71,
      72,
      73,
      74,
      75,
      76,
      77,
      78,
      79,
      80,
      81,
      82,
      83,
      84,
      85,
      86,
      87,
      88,
      89,
      90,
      91,
      92,
      93,
      94,
      95,
      96,
      97,
      98,
      99,
      100,
      101,
      102,
      103,
      104,
      105,
      106,
      107,
      108,
      109,
      110,
      111,
      112,
      113,
      114,
      115,
      116
    ]
  }
},
{
  "model": "assessment.subject",
  "pk": 27,
  "fields": {
    "name": "Agile Software Development",
    "code": "24UIT601",
    "department": 1,
    "semester": 6,
    "staff_name": "",
    "teacher": null,
    "assigned_students": [
      71,
      72,
      73,
      74,
      75,
      76,
      77,
      78,
      79,
      80,
      81,
      82,
      83,
      84,
      85,
      86,
      87,
      88,
      89,
      90,
      91,
      92,
      93,
      94,
      95,
      96,
      97,
      98,
      99,
      100,
      101,
      102,
      103,
      104,
      105,
      106,
      107,
      108,
      109,
      110,
      111,
      112,
      113,
      114,
      115,
      116
    ]
  }
},
{
  "model": "assessment.subject",
  "pk": 28,
  "fields": {
    "name": "Cryptography and Network Security",
    "code": "24UCS602",
    "department": 1,
    "semester": 6,
    "staff_name": "",
    "teacher": null,
    "assigned_students": [
      71,
      72,
      73,
      74,
      75,
      76,
      77,
      78,
      79,
      80,
      81,
      82,
      83,
      84,
      85,
      86,
      87,
      88,
      89,
      90,
      91,
      92,
      93,
      94,
      95,
      96,
      97,
      98,
      99,
      100,
      101,
      102,
      103,
      104,
      105,
      106,
      107,
      108,
      109,
      110,
      111,
      112,
      113,
      114,
      115,
      116
    ]
  }
},
{
  "model": "assessment.subject",
  "pk": 29,
  "fields": {
    "name": "Principles of Management",
    "code": "24UMG701",
    "department": 1,
    "semester": 7,
    "staff_name": "",
    "teacher": null,
    "assigned_students": [
      163,
      164,
      165,
      166,
      167,
      168,
      169,
      170,
      171,
      172,
      173,
      174,
      175,
      176,
      177,
      178,
      179,
      180,
      181,
      182,
      183,
      184,
      185,
      186,
      187,
      188,
      189,
      190,
      191,
      192,
      193,
      194,
      195,
      196,
      197,
      198,
      199,
      200,
      201,
      202,
      203,
      204,
      205,
      206,
      207,
      208
    ]
  }
},
{
  "model": "assessment.subject",
  "pk": 30,
  "fields": {
    "name": "Project Work",
    "code": "24UCS811",
    "department": 1,
    "semester": 8,
    "staff_name": "",
    "teacher": null,
    "assigned_students": [
      163,
      164,
      165,
      166,
      167,
      168,
      169,
      170,
      171,
      172,
      173,
      174,
      175,
      176,
      177,
      178,
      179,
      180,
      181,
      182,
      183,
      184,
      185,
      186,
      187,
      188,
      189,
      190,
      191,
      192,
      193,
      194,
      195,
      196,
      197,
      198,
      199,
      200,
      201,
      202,
      203,
      204,
      205,
      206,
      207,
      208
    ]
  }
},
{
  "model": "assessment.subject",
  "pk": 31,
  "fields": {
    "name": "Heritage of Tamils",
    "code": "24UHS102",
    "department": 1,
    "semester": 1,
    "staff_name": "",
    "teacher": null,
    "assigned_students": [
      209,
      210,
      211,
      212,
      213,
      214,
      215,
      216,
      217,
      218,
      219,
      220,
      221,
      222,
      223,
      224,
      225,
      226,
      227,
      228,
      229,
      230,
      231,
      232,
      233,
      234,
      235,
      236,
      237,
      238,
      239,
      240,
      241,
      242,
      243,
      244,
      245,
      246,
      247,
      248,
      249,
      250,
      251
    ]
  }
},
{
  "model": "assessment.subject",
  "pk": 32,
  "fields": {
    "name": "Professional English-II",
    "code": "24UHS201",
    "department": 1,
    "semester": 2,
    "staff_name": "",
    "teacher": null,
    "assigned_students": [
      209,
      210,
      211,
      212,
      213,
      214,
      215,
      216,
      217,
      218,
      219,
      220,
      221,
      222,
      223,
      224,
      225,
      226,
      227,
      228,
      229,
      230,
      231,
      232,
      233,
      234,
      235,
      236,
      237,
      238,
      239,
      240,
      241,
      242,
      243,
      244,
      245,
      246,
      247,
      248,
      249,
      250,
      251
    ]
  }
},
{
  "model": "assessment.subject",
  "pk": 33,
  "fields": {
    "name": "Programming in C",
    "code": "24UCS201",
    "department": 1,
    "semester": 2,
    "staff_name": "",
    "teacher": null,
    "assigned_students": [
      209,
      210,
      211,
      212,
      213,
      214,
      215,
      216,
      217,
      218,
      219,
      220,
      221,
      222,
      223,
      224,
      225,
      226,
      227,
      228,
      229,
      230,
      231,
      232,
      233,
      234,
      235,
      236,
      237,
      238,
      239,
      240,
      241,
      242,
      243,
      244,
      245,
      246,
      247,
      248,
      249,
      250,
      251
    ]
  }
},
{
  "model": "assessment.subject",
  "pk": 34,
  "fields": {
    "name": "Tamils and Technology",
    "code": "24UHS202",
    "department": 1,
    "semester": 2,
    "staff_name": "",
    "teacher": null,
    "assigned_students": [
      209,
      210,
      211,
      212,
      213,
      214,
      215,
      216,
      217,
      218,
      219,
      220,
      221,
      222,
      223,
      224,
      225,
      226,
      227,
      228,
      229,
      230,
      231,
      232,
      233,
      234,
      235,
      236,
      237,
      238,
      239,
      240,
      241,
      242,
      243,
      244,
      245,
      246,
      247,
      248,
      249,
      250,
      251
    ]
  }
},
{
  "model": "assessment.student",
  "pk": 71,
  "fields": {
    "name": "NISHANTH PRIYAN P",
    "roll_no": "711224104048",
    "batch": 1,
    "department": 1,
    "year": "III"
  }
},
{
  "model": "assessment.student",
  "pk": 72,
  "fields": {
    "name": "PALANI M",
    "roll_no": "711224104049",
    "batch": 1,
    "department": 1,
    "year": "III"
  }
},
{
  "model": "assessment.student",
  "pk": 73,
  "fields": {
    "name": "PAVITHRA S",
    "roll_no": "711224104050",
    "batch": 1,
    "department": 1,
    "year": "III"
  }
},
{
  "model": "assessment.student",
  "pk": 74,
  "fields": {
    "name": "PHUVAN C",
    "roll_no": "711224104051",
    "batch": 1,
    "department": 1,
    "year": "III"
  }
},
{
  "model": "assessment.student",
  "pk": 75,
  "fields": {
    "name": "PON ILAKIYA M",
    "roll_no": "711224104052",
    "batch": 1,
    "department": 1,
    "year": "III"
  }
},
{
  "model": "assessment.student",
  "pk": 76,
  "fields": {
    "name": "PONDINESH D",
    "roll_no": "711224104053",
    "batch": 1,
    "department": 1,
    "year": "III"
  }
},
{
  "model": "assessment.student",
  "pk": 77,
  "fields": {
    "name": "PRADEEKSHA K",
    "roll_no": "711224104054",
    "batch": 1,
    "department": 1,
    "year": "III"
  }
},
{
  "model": "assessment.student",
  "pk": 78,
  "fields": {
    "name": "PRAVEEN L",
    "roll_no": "711224104055",
    "batch": 1,
    "department": 1,
    "year": "III"
  }
},
{
  "model": "assessment.student",
  "pk": 79,
  "fields": {
    "name": "PRAVEENA K",
    "roll_no": "711224104056",
    "batch": 1,
    "department": 1,
    "year": "III"
  }
},
{
  "model": "assessment.student",
  "pk": 80,
  "fields": {
    "name": "PRAWIN A",
    "roll_no": "711224104057",
    "batch": 1,
    "department": 1,
    "year": "III"
  }
},
{
  "model": "assessment.student",
  "pk": 81,
  "fields": {
    "name": "PRITHIKA S",
    "roll_no": "711224104058",
    "batch": 1,
    "department": 1,
    "year": "III"
  }
},
{
  "model": "assessment.student",
  "pk": 82,
  "fields": {
    "name": "PRITHIV RAAM V",
    "roll_no": "711224104059",
    "batch": 1,
    "department": 1,
    "year": "III"
  }
},
{
  "model": "assessment.student",
  "pk": 83,
  "fields": {
    "name": "RABIYATHUL BASARIYA M",
    "roll_no": "711224104061",
    "batch": 1,
    "department": 1,
    "year": "III"
  }
},
{
  "model": "assessment.student",
  "pk": 84,
  "fields": {
    "name": "RADHAKRISHNAN R",
    "roll_no": "711224104062",
    "batch": 1,
    "department": 1,
    "year": "III"
  }
},
{
  "model": "assessment.student",
  "pk": 85,
  "fields": {
    "name": "RAGU PARATHI E",
    "roll_no": "711224104063",
    "batch": 1,
    "department": 1,
    "year": "III"
  }
},
{
  "model": "assessment.student",
  "pk": 86,
  "fields": {
    "name": "RESHMA S",
    "roll_no": "711224104064",
    "batch": 1,
    "department": 1,
    "year": "III"
  }
},
{
  "model": "assessment.student",
  "pk": 87,
  "fields": {
    "name": "RITHANYA M",
    "roll_no": "711224104065",
    "batch": 1,
    "department": 1,
    "year": "III"
  }
},
{
  "model": "assessment.student",
  "pk": 88,
  "fields": {
    "name": "RIZWANA M",
    "roll_no": "711224104066",
    "batch": 1,
    "department": 1,
    "year": "III"
  }
},
{
  "model": "assessment.student",
  "pk": 89,
  "fields": {
    "name": "RUPAGAYATHRI T K",
    "roll_no": "711224104067",
    "batch": 1,
    "department": 1,
    "year": "III"
  }
},
{
  "model": "assessment.student",
  "pk": 90,
  "fields": {
    "name": "SAJIN R",
    "roll_no": "711224104068",
    "batch": 1,
    "department": 1,
    "year": "III"
  }
},
{
  "model": "assessment.student",
  "pk": 91,
  "fields": {
    "name": "SANJITH S",
    "roll_no": "711224104069",
    "batch": 1,
    "department": 1,
    "year": "III"
  }
},
{
  "model": "assessment.student",
  "pk": 92,
  "fields": {
    "name": "SANTHOSH KUMAR P",
    "roll_no": "711224104070",
    "batch": 1,
    "department": 1,
    "year": "III"
  }
},
{
  "model": "assessment.student",
  "pk": 93,
  "fields": {
    "name": "SARAVANAN M",
    "roll_no": "711224104071",
    "batch": 1,
    "department": 1,
    "year": "III"
  }
},
{
  "model": "assessment.student",
  "pk": 94,
  "fields": {
    "name": "SHALINI S",
    "roll_no": "711224104072",
    "batch": 1,
    "department": 1,
    "year": "III"
  }
},
{
  "model": "assessment.student",
  "pk": 95,
  "fields": {
    "name": "SHANJITH D",
    "roll_no": "711224104073",
    "batch": 1,
    "department": 1,
    "year": "III"
  }
},
{
  "model": "assessment.student",
  "pk": 96,
  "fields": {
    "name": "SHANMUGANATHAN R",
    "roll_no": "711224104074",
    "batch": 1,
    "department": 1,
    "year": "III"
  }
},
{
  "model": "assessment.student",
  "pk": 97,
  "fields": {
    "name": "SMIRA S",
    "roll_no": "711224104075",
    "batch": 1,
    "department": 1,
    "year": "III"
  }
},
{
  "model": "assessment.student",
  "pk": 98,
  "fields": {
    "name": "SOWMIYA M",
    "roll_no": "711224104076",
    "batch": 1,
    "department": 1,
    "year": "III"
  }
},
{
  "model": "assessment.student",
  "pk": 99,
  "fields": {
    "name": "SRI VIGNESH SMK",
    "roll_no": "711224104077",
    "batch": 1,
    "department": 1,
    "year": "III"
  }
},
{
  "model": "assessment.student",
  "pk": 100,
  "fields": {
    "name": "SRIMATHI M",
    "roll_no": "711224104078",
    "batch": 1,
    "department": 1,
    "year": "III"
  }
},
{
  "model": "assessment.student",
  "pk": 101,
  "fields": {
    "name": "SUDHARSINI K",
    "roll_no": "711224104079",
    "batch": 1,
    "department": 1,
    "year": "III"
  }
},
{
  "model": "assessment.student",
  "pk": 102,
  "fields": {
    "name": "SURENDRAN S",
    "roll_no": "711224104081",
    "batch": 1,
    "department": 1,
    "year": "III"
  }
},
{
  "model": "assessment.student",
  "pk": 103,
  "fields": {
    "name": "TAMILSELVAN T",
    "roll_no": "711224104082",
    "batch": 1,
    "department": 1,
    "year": "III"
  }
},
{
  "model": "assessment.student",
  "pk": 104,
  "fields": {
    "name": "TARUN R S",
    "roll_no": "711224104083",
    "batch": 1,
    "department": 1,
    "year": "III"
  }
},
{
  "model": "assessment.student",
  "pk": 105,
  "fields": {
    "name": "THULASI D",
    "roll_no": "711224104084",
    "batch": 1,
    "department": 1,
    "year": "III"
  }
},
{
  "model": "assessment.student",
  "pk": 106,
  "fields": {
    "name": "UDHAYARAJ P",
    "roll_no": "711224104085",
    "batch": 1,
    "department": 1,
    "year": "III"
  }
},
{
  "model": "assessment.student",
  "pk": 107,
  "fields": {
    "name": "VARSHINI E",
    "roll_no": "711224104086",
    "batch": 1,
    "department": 1,
    "year": "III"
  }
},
{
  "model": "assessment.student",
  "pk": 108,
  "fields": {
    "name": "VASANTHI M",
    "roll_no": "711224104087",
    "batch": 1,
    "department": 1,
    "year": "III"
  }
},
{
  "model": "assessment.student",
  "pk": 109,
  "fields": {
    "name": "VIKASHINA K",
    "roll_no": "711224104088",
    "batch": 1,
    "department": 1,
    "year": "III"
  }
},
{
  "model": "assessment.student",
  "pk": 110,
  "fields": {
    "name": "VIKNA BHARATH M G",
    "roll_no": "711224104089",
    "batch": 1,
    "department": 1,
    "year": "III"
  }
},
{
  "model": "assessment.student",
  "pk": 111,
  "fields": {
    "name": "VISHWANATHAN G",
    "roll_no": "711224104091",
    "batch": 1,
    "department": 1,
    "year": "III"
  }
},
{
  "model": "assessment.student",
  "pk": 112,
  "fields": {
    "name": "YOGESH R",
    "roll_no": "711224104092",
    "batch": 1,
    "department": 1,
    "year": "III"
  }
},
{
  "model": "assessment.student",
  "pk": 113,
  "fields": {
    "name": "YUVARAJ S",
    "roll_no": "711224104094",
    "batch": 1,
    "department": 1,
    "year": "III"
  }
},
{
  "model": "assessment.student",
  "pk": 114,
  "fields": {
    "name": "DEVAKI U",
    "roll_no": "24CS301",
    "batch": 1,
    "department": 1,
    "year": "III"
  }
},
{
  "model": "assessment.student",
  "pk": 115,
  "fields": {
    "name": "DHARANISH R",
    "roll_no": "24CS302",
    "batch": 1,
    "department": 1,
    "year": "III"
  }
},
{
  "model": "assessment.student",
  "pk": 116,
  "fields": {
    "name": "KEERTHANA M",
    "roll_no": "24CS303",
    "batch": 1,
    "department": 1,
    "year": "III"
  }
},
{
  "model": "assessment.student",
  "pk": 117,
  "fields": {
    "name": "NISHANTH PRIYAN P",
    "roll_no": "711224104048",
    "batch": 1,
    "department": 1,
    "year": "II"
  }
},
{
  "model": "assessment.student",
  "pk": 118,
  "fields": {
    "name": "PALANI M",
    "roll_no": "711224104049",
    "batch": 1,
    "department": 1,
    "year": "II"
  }
},
{
  "model": "assessment.student",
  "pk": 119,
  "fields": {
    "name": "PAVITHRA S",
    "roll_no": "711224104050",
    "batch": 1,
    "department": 1,
    "year": "II"
  }
},
{
  "model": "assessment.student",
  "pk": 120,
  "fields": {
    "name": "PHUVAN C",
    "roll_no": "711224104051",
    "batch": 1,
    "department": 1,
    "year": "II"
  }
},
{
  "model": "assessment.student",
  "pk": 121,
  "fields": {
    "name": "PON ILAKIYA M",
    "roll_no": "711224104052",
    "batch": 1,
    "department": 1,
    "year": "II"
  }
},
{
  "model": "assessment.student",
  "pk": 122,
  "fields": {
    "name": "PONDINESH D",
    "roll_no": "711224104053",
    "batch": 1,
    "department": 1,
    "year": "II"
  }
},
{
  "model": "assessment.student",
  "pk": 123,
  "fields": {
    "name": "PRADEEKSHA K",
    "roll_no": "711224104054",
    "batch": 1,
    "department": 1,
    "year": "II"
  }
},
{
  "model": "assessment.student",
  "pk": 124,
  "fields": {
    "name": "PRAVEEN L",
    "roll_no": "711224104055",
    "batch": 1,
    "department": 1,
    "year": "II"
  }
},
{
  "model": "assessment.student",
  "pk": 125,
  "fields": {
    "name": "PRAVEENA K",
    "roll_no": "711224104056",
    "batch": 1,
    "department": 1,
    "year": "II"
  }
},
{
  "model": "assessment.student",
  "pk": 126,
  "fields": {
    "name": "PRAWIN A",
    "roll_no": "711224104057",
    "batch": 1,
    "department": 1,
    "year": "II"
  }
},
{
  "model": "assessment.student",
  "pk": 127,
  "fields": {
    "name": "PRITHIKA S",
    "roll_no": "711224104058",
    "batch": 1,
    "department": 1,
    "year": "II"
  }
},
{
  "model": "assessment.student",
  "pk": 128,
  "fields": {
    "name": "PRITHIV RAAM V",
    "roll_no": "711224104059",
    "batch": 1,
    "department": 1,
    "year": "II"
  }
},
{
  "model": "assessment.student",
  "pk": 129,
  "fields": {
    "name": "RABIYATHUL BASARIYA M",
    "roll_no": "711224104061",
    "batch": 1,
    "department": 1,
    "year": "II"
  }
},
{
  "model": "assessment.student",
  "pk": 130,
  "fields": {
    "name": "RADHAKRISHNAN R",
    "roll_no": "711224104062",
    "batch": 1,
    "department": 1,
    "year": "II"
  }
},
{
  "model": "assessment.student",
  "pk": 131,
  "fields": {
    "name": "RAGU PARATHI E",
    "roll_no": "711224104063",
    "batch": 1,
    "department": 1,
    "year": "II"
  }
},
{
  "model": "assessment.student",
  "pk": 132,
  "fields": {
    "name": "RESHMA S",
    "roll_no": "711224104064",
    "batch": 1,
    "department": 1,
    "year": "II"
  }
},
{
  "model": "assessment.student",
  "pk": 133,
  "fields": {
    "name": "RITHANYA M",
    "roll_no": "711224104065",
    "batch": 1,
    "department": 1,
    "year": "II"
  }
},
{
  "model": "assessment.student",
  "pk": 134,
  "fields": {
    "name": "RIZWANA M",
    "roll_no": "711224104066",
    "batch": 1,
    "department": 1,
    "year": "II"
  }
},
{
  "model": "assessment.student",
  "pk": 135,
  "fields": {
    "name": "RUPAGAYATHRI T K",
    "roll_no": "711224104067",
    "batch": 1,
    "department": 1,
    "year": "II"
  }
},
{
  "model": "assessment.student",
  "pk": 136,
  "fields": {
    "name": "SAJIN R",
    "roll_no": "711224104068",
    "batch": 1,
    "department": 1,
    "year": "II"
  }
},
{
  "model": "assessment.student",
  "pk": 137,
  "fields": {
    "name": "SANJITH S",
    "roll_no": "711224104069",
    "batch": 1,
    "department": 1,
    "year": "II"
  }
},
{
  "model": "assessment.student",
  "pk": 138,
  "fields": {
    "name": "SANTHOSH KUMAR P",
    "roll_no": "711224104070",
    "batch": 1,
    "department": 1,
    "year": "II"
  }
},
{
  "model": "assessment.student",
  "pk": 139,
  "fields": {
    "name": "SARAVANAN M",
    "roll_no": "711224104071",
    "batch": 1,
    "department": 1,
    "year": "II"
  }
},
{
  "model": "assessment.student",
  "pk": 140,
  "fields": {
    "name": "SHALINI S",
    "roll_no": "711224104072",
    "batch": 1,
    "department": 1,
    "year": "II"
  }
},
{
  "model": "assessment.student",
  "pk": 141,
  "fields": {
    "name": "SHANJITH D",
    "roll_no": "711224104073",
    "batch": 1,
    "department": 1,
    "year": "II"
  }
},
{
  "model": "assessment.student",
  "pk": 142,
  "fields": {
    "name": "SHANMUGANATHAN R",
    "roll_no": "711224104074",
    "batch": 1,
    "department": 1,
    "year": "II"
  }
},
{
  "model": "assessment.student",
  "pk": 143,
  "fields": {
    "name": "SMIRA S",
    "roll_no": "711224104075",
    "batch": 1,
    "department": 1,
    "year": "II"
  }
},
{
  "model": "assessment.student",
  "pk": 144,
  "fields": {
    "name": "SOWMIYA M",
    "roll_no": "711224104076",
    "batch": 1,
    "department": 1,
    "year": "II"
  }
},
{
  "model": "assessment.student",
  "pk": 145,
  "fields": {
    "name": "SRI VIGNESH SMK",
    "roll_no": "711224104077",
    "batch": 1,
    "department": 1,
    "year": "II"
  }
},
{
  "model": "assessment.student",
  "pk": 146,
  "fields": {
    "name": "SRIMATHI M",
    "roll_no": "711224104078",
    "batch": 1,
    "department": 1,
    "year": "II"
  }
},
{
  "model": "assessment.student",
  "pk": 147,
  "fields": {
    "name": "SUDHARSINI K",
    "roll_no": "711224104079",
    "batch": 1,
    "department": 1,
    "year": "II"
  }
},
{
  "model": "assessment.student",
  "pk": 148,
  "fields": {
    "name": "SURENDRAN S",
    "roll_no": "711224104081",
    "batch": 1,
    "department": 1,
    "year": "II"
  }
},
{
  "model": "assessment.student",
  "pk": 149,
  "fields": {
    "name": "TAMILSELVAN T",
    "roll_no": "711224104082",
    "batch": 1,
    "department": 1,
    "year": "II"
  }
},
{
  "model": "assessment.student",
  "pk": 150,
  "fields": {
    "name": "TARUN R S",
    "roll_no": "711224104083",
    "batch": 1,
    "department": 1,
    "year": "II"
  }
},
{
  "model": "assessment.student",
  "pk": 151,
  "fields": {
    "name": "THULASI D",
    "roll_no": "711224104084",
    "batch": 1,
    "department": 1,
    "year": "II"
  }
},
{
  "model": "assessment.student",
  "pk": 152,
  "fields": {
    "name": "UDHAYARAJ P",
    "roll_no": "711224104085",
    "batch": 1,
    "department": 1,
    "year": "II"
  }
},
{
  "model": "assessment.student",
  "pk": 153,
  "fields": {
    "name": "VARSHINI E",
    "roll_no": "711224104086",
    "batch": 1,
    "department": 1,
    "year": "II"
  }
},
{
  "model": "assessment.student",
  "pk": 154,
  "fields": {
    "name": "VASANTHI M",
    "roll_no": "711224104087",
    "batch": 1,
    "department": 1,
    "year": "II"
  }
},
{
  "model": "assessment.student",
  "pk": 155,
  "fields": {
    "name": "VIKASHINA K",
    "roll_no": "711224104088",
    "batch": 1,
    "department": 1,
    "year": "II"
  }
},
{
  "model": "assessment.student",
  "pk": 156,
  "fields": {
    "name": "VIKNA BHARATH M G",
    "roll_no": "711224104089",
    "batch": 1,
    "department": 1,
    "year": "II"
  }
},
{
  "model": "assessment.student",
  "pk": 157,
  "fields": {
    "name": "VISHWANATHAN G",
    "roll_no": "711224104091",
    "batch": 1,
    "department": 1,
    "year": "II"
  }
},
{
  "model": "assessment.student",
  "pk": 158,
  "fields": {
    "name": "YOGESH R",
    "roll_no": "711224104092",
    "batch": 1,
    "department": 1,
    "year": "II"
  }
},
{
  "model": "assessment.student",
  "pk": 159,
  "fields": {
    "name": "YUVARAJ S",
    "roll_no": "711224104094",
    "batch": 1,
    "department": 1,
    "year": "II"
  }
},
{
  "model": "assessment.student",
  "pk": 160,
  "fields": {
    "name": "DEVAKI U",
    "roll_no": "24CS301",
    "batch": 1,
    "department": 1,
    "year": "II"
  }
},
{
  "model": "assessment.student",
  "pk": 161,
  "fields": {
    "name": "DHARANISH R",
    "roll_no": "24CS302",
    "batch": 1,
    "department": 1,
    "year": "II"
  }
},
{
  "model": "assessment.student",
  "pk": 162,
  "fields": {
    "name": "KEERTHANA M",
    "roll_no": "24CS303",
    "batch": 1,
    "department": 1,
    "year": "II"
  }
},
{
  "model": "assessment.student",
  "pk": 163,
  "fields": {
    "name": "NISHANTH PRIYAN P",
    "roll_no": "711224104048",
    "batch": 1,
    "department": 1,
    "year": "IV"
  }
},
{
  "model": "assessment.student",
  "pk": 164,
  "fields": {
    "name": "PALANI M",
    "roll_no": "711224104049",
    "batch": 1,
    "department": 1,
    "year": "IV"
  }
},
{
  "model": "assessment.student",
  "pk": 165,
  "fields": {
    "name": "PAVITHRA S",
    "roll_no": "711224104050",
    "batch": 1,
    "department": 1,
    "year": "IV"
  }
},
{
  "model": "assessment.student",
  "pk": 166,
  "fields": {
    "name": "PHUVAN C",
    "roll_no": "711224104051",
    "batch": 1,
    "department": 1,
    "year": "IV"
  }
},
{
  "model": "assessment.student",
  "pk": 167,
  "fields": {
    "name": "PON ILAKIYA M",
    "roll_no": "711224104052",
    "batch": 1,
    "department": 1,
    "year": "IV"
  }
},
{
  "model": "assessment.student",
  "pk": 168,
  "fields": {
    "name": "PONDINESH D",
    "roll_no": "711224104053",
    "batch": 1,
    "department": 1,
    "year": "IV"
  }
},
{
  "model": "assessment.student",
  "pk": 169,
  "fields": {
    "name": "PRADEEKSHA K",
    "roll_no": "711224104054",
    "batch": 1,
    "department": 1,
    "year": "IV"
  }
},
{
  "model": "assessment.student",
  "pk": 170,
  "fields": {
    "name": "PRAVEEN L",
    "roll_no": "711224104055",
    "batch": 1,
    "department": 1,
    "year": "IV"
  }
},
{
  "model": "assessment.student",
  "pk": 171,
  "fields": {
    "name": "PRAVEENA K",
    "roll_no": "711224104056",
    "batch": 1,
    "department": 1,
    "year": "IV"
  }
},
{
  "model": "assessment.student",
  "pk": 172,
  "fields": {
    "name": "PRAWIN A",
    "roll_no": "711224104057",
    "batch": 1,
    "department": 1,
    "year": "IV"
  }
},
{
  "model": "assessment.student",
  "pk": 173,
  "fields": {
    "name": "PRITHIKA S",
    "roll_no": "711224104058",
    "batch": 1,
    "department": 1,
    "year": "IV"
  }
},
{
  "model": "assessment.student",
  "pk": 174,
  "fields": {
    "name": "PRITHIV RAAM V",
    "roll_no": "711224104059",
    "batch": 1,
    "department": 1,
    "year": "IV"
  }
},
{
  "model": "assessment.student",
  "pk": 175,
  "fields": {
    "name": "RABIYATHUL BASARIYA M",
    "roll_no": "711224104061",
    "batch": 1,
    "department": 1,
    "year": "IV"
  }
},
{
  "model": "assessment.student",
  "pk": 176,
  "fields": {
    "name": "RADHAKRISHNAN R",
    "roll_no": "711224104062",
    "batch": 1,
    "department": 1,
    "year": "IV"
  }
},
{
  "model": "assessment.student",
  "pk": 177,
  "fields": {
    "name": "RAGU PARATHI E",
    "roll_no": "711224104063",
    "batch": 1,
    "department": 1,
    "year": "IV"
  }
},
{
  "model": "assessment.student",
  "pk": 178,
  "fields": {
    "name": "RESHMA S",
    "roll_no": "711224104064",
    "batch": 1,
    "department": 1,
    "year": "IV"
  }
},
{
  "model": "assessment.student",
  "pk": 179,
  "fields": {
    "name": "RITHANYA M",
    "roll_no": "711224104065",
    "batch": 1,
    "department": 1,
    "year": "IV"
  }
},
{
  "model": "assessment.student",
  "pk": 180,
  "fields": {
    "name": "RIZWANA M",
    "roll_no": "711224104066",
    "batch": 1,
    "department": 1,
    "year": "IV"
  }
},
{
  "model": "assessment.student",
  "pk": 181,
  "fields": {
    "name": "RUPAGAYATHRI T K",
    "roll_no": "711224104067",
    "batch": 1,
    "department": 1,
    "year": "IV"
  }
},
{
  "model": "assessment.student",
  "pk": 182,
  "fields": {
    "name": "SAJIN R",
    "roll_no": "711224104068",
    "batch": 1,
    "department": 1,
    "year": "IV"
  }
},
{
  "model": "assessment.student",
  "pk": 183,
  "fields": {
    "name": "SANJITH S",
    "roll_no": "711224104069",
    "batch": 1,
    "department": 1,
    "year": "IV"
  }
},
{
  "model": "assessment.student",
  "pk": 184,
  "fields": {
    "name": "SANTHOSH KUMAR P",
    "roll_no": "711224104070",
    "batch": 1,
    "department": 1,
    "year": "IV"
  }
},
{
  "model": "assessment.student",
  "pk": 185,
  "fields": {
    "name": "SARAVANAN M",
    "roll_no": "711224104071",
    "batch": 1,
    "department": 1,
    "year": "IV"
  }
},
{
  "model": "assessment.student",
  "pk": 186,
  "fields": {
    "name": "SHALINI S",
    "roll_no": "711224104072",
    "batch": 1,
    "department": 1,
    "year": "IV"
  }
},
{
  "model": "assessment.student",
  "pk": 187,
  "fields": {
    "name": "SHANJITH D",
    "roll_no": "711224104073",
    "batch": 1,
    "department": 1,
    "year": "IV"
  }
},
{
  "model": "assessment.student",
  "pk": 188,
  "fields": {
    "name": "SHANMUGANATHAN R",
    "roll_no": "711224104074",
    "batch": 1,
    "department": 1,
    "year": "IV"
  }
},
{
  "model": "assessment.student",
  "pk": 189,
  "fields": {
    "name": "SMIRA S",
    "roll_no": "711224104075",
    "batch": 1,
    "department": 1,
    "year": "IV"
  }
},
{
  "model": "assessment.student",
  "pk": 190,
  "fields": {
    "name": "SOWMIYA M",
    "roll_no": "711224104076",
    "batch": 1,
    "department": 1,
    "year": "IV"
  }
},
{
  "model": "assessment.student",
  "pk": 191,
  "fields": {
    "name": "SRI VIGNESH SMK",
    "roll_no": "711224104077",
    "batch": 1,
    "department": 1,
    "year": "IV"
  }
},
{
  "model": "assessment.student",
  "pk": 192,
  "fields": {
    "name": "SRIMATHI M",
    "roll_no": "711224104078",
    "batch": 1,
    "department": 1,
    "year": "IV"
  }
},
{
  "model": "assessment.student",
  "pk": 193,
  "fields": {
    "name": "SUDHARSINI K",
    "roll_no": "711224104079",
    "batch": 1,
    "department": 1,
    "year": "IV"
  }
},
{
  "model": "assessment.student",
  "pk": 194,
  "fields": {
    "name": "SURENDRAN S",
    "roll_no": "711224104081",
    "batch": 1,
    "department": 1,
    "year": "IV"
  }
},
{
  "model": "assessment.student",
  "pk": 195,
  "fields": {
    "name": "TAMILSELVAN T",
    "roll_no": "711224104082",
    "batch": 1,
    "department": 1,
    "year": "IV"
  }
},
{
  "model": "assessment.student",
  "pk": 196,
  "fields": {
    "name": "TARUN R S",
    "roll_no": "711224104083",
    "batch": 1,
    "department": 1,
    "year": "IV"
  }
},
{
  "model": "assessment.student",
  "pk": 197,
  "fields": {
    "name": "THULASI D",
    "roll_no": "711224104084",
    "batch": 1,
    "department": 1,
    "year": "IV"
  }
},
{
  "model": "assessment.student",
  "pk": 198,
  "fields": {
    "name": "UDHAYARAJ P",
    "roll_no": "711224104085",
    "batch": 1,
    "department": 1,
    "year": "IV"
  }
},
{
  "model": "assessment.student",
  "pk": 199,
  "fields": {
    "name": "VARSHINI E",
    "roll_no": "711224104086",
    "batch": 1,
    "department": 1,
    "year": "IV"
  }
},
{
  "model": "assessment.student",
  "pk": 200,
  "fields": {
    "name": "VASANTHI M",
    "roll_no": "711224104087",
    "batch": 1,
    "department": 1,
    "year": "IV"
  }
},
{
  "model": "assessment.student",
  "pk": 201,
  "fields": {
    "name": "VIKASHINA K",
    "roll_no": "711224104088",
    "batch": 1,
    "department": 1,
    "year": "IV"
  }
},
{
  "model": "assessment.student",
  "pk": 202,
  "fields": {
    "name": "VIKNA BHARATH M G",
    "roll_no": "711224104089",
    "batch": 1,
    "department": 1,
    "year": "IV"
  }
},
{
  "model": "assessment.student",
  "pk": 203,
  "fields": {
    "name": "VISHWANATHAN G",
    "roll_no": "711224104091",
    "batch": 1,
    "department": 1,
    "year": "IV"
  }
},
{
  "model": "assessment.student",
  "pk": 204,
  "fields": {
    "name": "YOGESH R",
    "roll_no": "711224104092",
    "batch": 1,
    "department": 1,
    "year": "IV"
  }
},
{
  "model": "assessment.student",
  "pk": 205,
  "fields": {
    "name": "YUVARAJ S",
    "roll_no": "711224104094",
    "batch": 1,
    "department": 1,
    "year": "IV"
  }
},
{
  "model": "assessment.student",
  "pk": 206,
  "fields": {
    "name": "DEVAKI U",
    "roll_no": "24CS301",
    "batch": 1,
    "department": 1,
    "year": "IV"
  }
},
{
  "model": "assessment.student",
  "pk": 207,
  "fields": {
    "name": "DHARANISH R",
    "roll_no": "24CS302",
    "batch": 1,
    "department": 1,
    "year": "IV"
  }
},
{
  "model": "assessment.student",
  "pk": 208,
  "fields": {
    "name": "KEERTHANA M",
    "roll_no": "24CS303",
    "batch": 1,
    "department": 1,
    "year": "IV"
  }
},
{
  "model": "assessment.student",
  "pk": 209,
  "fields": {
    "name": "NISHANTH PRIYAN P",
    "roll_no": "711224104048",
    "batch": 1,
    "department": 1,
    "year": "I"
  }
},
{
  "model": "assessment.student",
  "pk": 210,
  "fields": {
    "name": "PALANI M",
    "roll_no": "711224104049",
    "batch": 1,
    "department": 1,
    "year": "I"
  }
},
{
  "model": "assessment.student",
  "pk": 211,
  "fields": {
    "name": "PAVITHRA S",
    "roll_no": "711224104050",
    "batch": 1,
    "department": 1,
    "year": "I"
  }
},
{
  "model": "assessment.student",
  "pk": 212,
  "fields": {
    "name": "PHUVAN C",
    "roll_no": "711224104051",
    "batch": 1,
    "department": 1,
    "year": "I"
  }
},
{
  "model": "assessment.student",
  "pk": 213,
  "fields": {
    "name": "PON ILAKIYA M",
    "roll_no": "711224104052",
    "batch": 1,
    "department": 1,
    "year": "I"
  }
},
{
  "model": "assessment.student",
  "pk": 214,
  "fields": {
    "name": "PONDINESH D",
    "roll_no": "711224104053",
    "batch": 1,
    "department": 1,
    "year": "I"
  }
},
{
  "model": "assessment.student",
  "pk": 215,
  "fields": {
    "name": "PRADEEKSHA K",
    "roll_no": "711224104054",
    "batch": 1,
    "department": 1,
    "year": "I"
  }
},
{
  "model": "assessment.student",
  "pk": 216,
  "fields": {
    "name": "PRAVEEN L",
    "roll_no": "711224104055",
    "batch": 1,
    "department": 1,
    "year": "I"
  }
},
{
  "model": "assessment.student",
  "pk": 217,
  "fields": {
    "name": "PRAVEENA K",
    "roll_no": "711224104056",
    "batch": 1,
    "department": 1,
    "year": "I"
  }
},
{
  "model": "assessment.student",
  "pk": 218,
  "fields": {
    "name": "PRAWIN A",
    "roll_no": "711224104057",
    "batch": 1,
    "department": 1,
    "year": "I"
  }
},
{
  "model": "assessment.student",
  "pk": 219,
  "fields": {
    "name": "PRITHIKA S",
    "roll_no": "711224104058",
    "batch": 1,
    "department": 1,
    "year": "I"
  }
},
{
  "model": "assessment.student",
  "pk": 220,
  "fields": {
    "name": "PRITHIV RAAM V",
    "roll_no": "711224104059",
    "batch": 1,
    "department": 1,
    "year": "I"
  }
},
{
  "model": "assessment.student",
  "pk": 221,
  "fields": {
    "name": "RABIYATHUL BASARIYA M",
    "roll_no": "711224104061",
    "batch": 1,
    "department": 1,
    "year": "I"
  }
},
{
  "model": "assessment.student",
  "pk": 222,
  "fields": {
    "name": "RADHAKRISHNAN R",
    "roll_no": "711224104062",
    "batch": 1,
    "department": 1,
    "year": "I"
  }
},
{
  "model": "assessment.student",
  "pk": 223,
  "fields": {
    "name": "RAGU PARATHI E",
    "roll_no": "711224104063",
    "batch": 1,
    "department": 1,
    "year": "I"
  }
},
{
  "model": "assessment.student",
  "pk": 224,
  "fields": {
    "name": "RESHMA S",
    "roll_no": "711224104064",
    "batch": 1,
    "department": 1,
    "year": "I"
  }
},
{
  "model": "assessment.student",
  "pk": 225,
  "fields": {
    "name": "RITHANYA M",
    "roll_no": "711224104065",
    "batch": 1,
    "department": 1,
    "year": "I"
  }
},
{
  "model": "assessment.student",
  "pk": 226,
  "fields": {
    "name": "RIZWANA M",
    "roll_no": "711224104066",
    "batch": 1,
    "department": 1,
    "year": "I"
  }
},
{
  "model": "assessment.student",
  "pk": 227,
  "fields": {
    "name": "RUPAGAYATHRI T K",
    "roll_no": "711224104067",
    "batch": 1,
    "department": 1,
    "year": "I"
  }
},
{
  "model": "assessment.student",
  "pk": 228,
  "fields": {
    "name": "SAJIN R",
    "roll_no": "711224104068",
    "batch": 1,
    "department": 1,
    "year": "I"
  }
},
{
  "model": "assessment.student",
  "pk": 229,
  "fields": {
    "name": "SANJITH S",
    "roll_no": "711224104069",
    "batch": 1,
    "department": 1,
    "year": "I"
  }
},
{
  "model": "assessment.student",
  "pk": 230,
  "fields": {
    "name": "SANTHOSH KUMAR P",
    "roll_no": "711224104070",
    "batch": 1,
    "department": 1,
    "year": "I"
  }
},
{
  "model": "assessment.student",
  "pk": 231,
  "fields": {
    "name": "SARAVANAN M",
    "roll_no": "711224104071",
    "batch": 1,
    "department": 1,
    "year": "I"
  }
},
{
  "model": "assessment.student",
  "pk": 232,
  "fields": {
    "name": "SHALINI S",
    "roll_no": "711224104072",
    "batch": 1,
    "department": 1,
    "year": "I"
  }
},
{
  "model": "assessment.student",
  "pk": 233,
  "fields": {
    "name": "SHANJITH D",
    "roll_no": "711224104073",
    "batch": 1,
    "department": 1,
    "year": "I"
  }
},
{
  "model": "assessment.student",
  "pk": 234,
  "fields": {
    "name": "SHANMUGANATHAN R",
    "roll_no": "711224104074",
    "batch": 1,
    "department": 1,
    "year": "I"
  }
},
{
  "model": "assessment.student",
  "pk": 235,
  "fields": {
    "name": "SMIRA S",
    "roll_no": "711224104075",
    "batch": 1,
    "department": 1,
    "year": "I"
  }
},
{
  "model": "assessment.student",
  "pk": 236,
  "fields": {
    "name": "SOWMIYA M",
    "roll_no": "711224104076",
    "batch": 1,
    "department": 1,
    "year": "I"
  }
},
{
  "model": "assessment.student",
  "pk": 237,
  "fields": {
    "name": "SRI VIGNESH SMK",
    "roll_no": "711224104077",
    "batch": 1,
    "department": 1,
    "year": "I"
  }
},
{
  "model": "assessment.student",
  "pk": 238,
  "fields": {
    "name": "SRIMATHI M",
    "roll_no": "711224104078",
    "batch": 1,
    "department": 1,
    "year": "I"
  }
},
{
  "model": "assessment.student",
  "pk": 239,
  "fields": {
    "name": "SUDHARSINI K",
    "roll_no": "711224104079",
    "batch": 1,
    "department": 1,
    "year": "I"
  }
},
{
  "model": "assessment.student",
  "pk": 240,
  "fields": {
    "name": "SURENDRAN S",
    "roll_no": "711224104081",
    "batch": 1,
    "department": 1,
    "year": "I"
  }
},
{
  "model": "assessment.student",
  "pk": 241,
  "fields": {
    "name": "TAMILSELVAN T",
    "roll_no": "711224104082",
    "batch": 1,
    "department": 1,
    "year": "I"
  }
},
{
  "model": "assessment.student",
  "pk": 242,
  "fields": {
    "name": "TARUN R S",
    "roll_no": "711224104083",
    "batch": 1,
    "department": 1,
    "year": "I"
  }
},
{
  "model": "assessment.student",
  "pk": 243,
  "fields": {
    "name": "THULASI D",
    "roll_no": "711224104084",
    "batch": 1,
    "department": 1,
    "year": "I"
  }
},
{
  "model": "assessment.student",
  "pk": 244,
  "fields": {
    "name": "UDHAYARAJ P",
    "roll_no": "711224104085",
    "batch": 1,
    "department": 1,
    "year": "I"
  }
},
{
  "model": "assessment.student",
  "pk": 245,
  "fields": {
    "name": "VARSHINI E",
    "roll_no": "711224104086",
    "batch": 1,
    "department": 1,
    "year": "I"
  }
},
{
  "model": "assessment.student",
  "pk": 246,
  "fields": {
    "name": "VASANTHI M",
    "roll_no": "711224104087",
    "batch": 1,
    "department": 1,
    "year": "I"
  }
},
{
  "model": "assessment.student",
  "pk": 247,
  "fields": {
    "name": "VIKASHINA K",
    "roll_no": "711224104088",
    "batch": 1,
    "department": 1,
    "year": "I"
  }
},
{
  "model": "assessment.student",
  "pk": 248,
  "fields": {
    "name": "VIKNA BHARATH M G",
    "roll_no": "711224104089",
    "batch": 1,
    "department": 1,
    "year": "I"
  }
},
{
  "model": "assessment.student",
  "pk": 249,
  "fields": {
    "name": "VISHWANATHAN G",
    "roll_no": "711224104091",
    "batch": 1,
    "department": 1,
    "year": "I"
  }
},
{
  "model": "assessment.student",
  "pk": 250,
  "fields": {
    "name": "YOGESH R",
    "roll_no": "711224104092",
    "batch": 1,
    "department": 1,
    "year": "I"
  }
},
{
  "model": "assessment.student",
  "pk": 251,
  "fields": {
    "name": "YUVARAJ S",
    "roll_no": "711224104094",
    "batch": 1,
    "department": 1,
    "year": "I"
  }
},
{
  "model": "assessment.mark",
  "pk": 132,
  "fields": {
    "student": 137,
    "subject": 19,
    "assessment_type": "CAT1",
    "marks": 75.0,
    "is_absent": false,
    "entered_by": 84,
    "created_at": "2026-03-12T05:58:59.439Z",
    "updated_at": "2026-03-12T05:58:59.439Z"
  }
},
{
  "model": "assessment.mark",
  "pk": 133,
  "fields": {
    "student": 137,
    "subject": 17,
    "assessment_type": "CAT1",
    "marks": 80.0,
    "is_absent": false,
    "entered_by": 73,
    "created_at": "2026-03-12T06:00:01.842Z",
    "updated_at": "2026-03-12T06:00:01.842Z"
  }
},
{
  "model": "assessment.mark",
  "pk": 134,
  "fields": {
    "student": 137,
    "subject": 15,
    "assessment_type": "CAT1",
    "marks": 80.0,
    "is_absent": false,
    "entered_by": 73,
    "created_at": "2026-03-12T06:00:53.738Z",
    "updated_at": "2026-03-12T06:00:53.738Z"
  }
}
]
